-- MySQL dump 10.13  Distrib 5.7.37, for Linux (x86_64)
--
-- Host: localhost    Database: crisp_inventory
-- ------------------------------------------------------
-- Server version	5.7.37-0ubuntu0.18.04.1

/*!40101 SET @OLD_CHARACTER_SET_CLIENT=@@CHARACTER_SET_CLIENT */;
/*!40101 SET @OLD_CHARACTER_SET_RESULTS=@@CHARACTER_SET_RESULTS */;
/*!40101 SET @OLD_COLLATION_CONNECTION=@@COLLATION_CONNECTION */;
/*!40101 SET NAMES utf8 */;
/*!40103 SET @OLD_TIME_ZONE=@@TIME_ZONE */;
/*!40103 SET TIME_ZONE='+00:00' */;
/*!40014 SET @OLD_UNIQUE_CHECKS=@@UNIQUE_CHECKS, UNIQUE_CHECKS=0 */;
/*!40014 SET @OLD_FOREIGN_KEY_CHECKS=@@FOREIGN_KEY_CHECKS, FOREIGN_KEY_CHECKS=0 */;
/*!40101 SET @OLD_SQL_MODE=@@SQL_MODE, SQL_MODE='NO_AUTO_VALUE_ON_ZERO' */;
/*!40111 SET @OLD_SQL_NOTES=@@SQL_NOTES, SQL_NOTES=0 */;

--
-- Table structure for table `aauth_group_to_group`
--

DROP TABLE IF EXISTS `aauth_group_to_group`;
/*!40101 SET @saved_cs_client     = @@character_set_client */;
/*!40101 SET character_set_client = utf8 */;
CREATE TABLE `aauth_group_to_group` (
  `group_id` int(10) unsigned NOT NULL,
  `subgroup_id` int(10) unsigned NOT NULL,
  `created_by` int(11) DEFAULT NULL,
  `updated_by` int(11) DEFAULT NULL,
  `updated_at` timestamp NULL DEFAULT NULL,
  `created_at` timestamp NOT NULL DEFAULT '0000-00-00 00:00:00',
  PRIMARY KEY (`group_id`,`subgroup_id`),
  KEY `aauth_group_to_group_created_by_index` (`created_by`),
  KEY `aauth_group_to_group_updated_by_index` (`updated_by`)
) ENGINE=InnoDB DEFAULT CHARSET=utf8;
/*!40101 SET character_set_client = @saved_cs_client */;

--
-- Dumping data for table `aauth_group_to_group`
--

LOCK TABLES `aauth_group_to_group` WRITE;
/*!40000 ALTER TABLE `aauth_group_to_group` DISABLE KEYS */;
/*!40000 ALTER TABLE `aauth_group_to_group` ENABLE KEYS */;
UNLOCK TABLES;

--
-- Table structure for table `aauth_groups`
--

DROP TABLE IF EXISTS `aauth_groups`;
/*!40101 SET @saved_cs_client     = @@character_set_client */;
/*!40101 SET character_set_client = utf8 */;
CREATE TABLE `aauth_groups` (
  `id` int(10) unsigned NOT NULL AUTO_INCREMENT,
  `name` varchar(100) DEFAULT NULL,
  `definition` text,
  `created_by` int(11) DEFAULT NULL,
  `updated_by` int(11) DEFAULT NULL,
  `updated_at` timestamp NULL DEFAULT NULL,
  `created_at` timestamp NOT NULL DEFAULT '0000-00-00 00:00:00',
  PRIMARY KEY (`id`),
  KEY `aauth_groups_created_by_index` (`created_by`),
  KEY `aauth_groups_updated_by_index` (`updated_by`)
) ENGINE=InnoDB AUTO_INCREMENT=22 DEFAULT CHARSET=utf8;
/*!40101 SET character_set_client = @saved_cs_client */;

--
-- Dumping data for table `aauth_groups`
--

LOCK TABLES `aauth_groups` WRITE;
/*!40000 ALTER TABLE `aauth_groups` DISABLE KEYS */;
INSERT INTO `aauth_groups` VALUES (1,'Admin','Superadmin Group',NULL,NULL,NULL,'0000-00-00 00:00:00'),(2,'Public','Public Group',NULL,NULL,NULL,'0000-00-00 00:00:00'),(3,'Default','Default Access Group',NULL,NULL,NULL,'0000-00-00 00:00:00');
/*!40000 ALTER TABLE `aauth_groups` ENABLE KEYS */;
UNLOCK TABLES;

--
-- Table structure for table `aauth_login_attempts`
--

DROP TABLE IF EXISTS `aauth_login_attempts`;
/*!40101 SET @saved_cs_client     = @@character_set_client */;
/*!40101 SET character_set_client = utf8 */;
CREATE TABLE `aauth_login_attempts` (
  `id` int(10) unsigned NOT NULL AUTO_INCREMENT,
  `ip_address` varchar(39) DEFAULT NULL,
  `timestamp` datetime DEFAULT NULL,
  `login_attempts` tinyint(3) unsigned DEFAULT NULL,
  `created_by` int(11) DEFAULT NULL,
  `updated_by` int(11) DEFAULT NULL,
  `updated_at` timestamp NULL DEFAULT NULL,
  `created_at` timestamp NOT NULL DEFAULT '0000-00-00 00:00:00',
  PRIMARY KEY (`id`),
  KEY `aauth_login_attempts_created_by_index` (`created_by`),
  KEY `aauth_login_attempts_updated_by_index` (`updated_by`)
) ENGINE=InnoDB AUTO_INCREMENT=419 DEFAULT CHARSET=utf8;
/*!40101 SET character_set_client = @saved_cs_client */;

--
-- Dumping data for table `aauth_login_attempts`
--

LOCK TABLES `aauth_login_attempts` WRITE;
/*!40000 ALTER TABLE `aauth_login_attempts` DISABLE KEYS */;
INSERT INTO `aauth_login_attempts` VALUES (2,'192.168.0.106','2018-09-21 14:29:37',4,NULL,NULL,NULL,'0000-00-00 00:00:00'),(27,'192.168.0.103','2018-09-26 06:04:04',1,NULL,NULL,NULL,'0000-00-00 00:00:00'),(94,'192.168.0.103','2018-10-05 20:22:11',2,NULL,NULL,NULL,'0000-00-00 00:00:00'),(133,'192.168.0.105','2018-10-13 19:42:00',3,NULL,NULL,NULL,'0000-00-00 00:00:00'),(186,'192.168.0.107','2018-11-05 10:47:16',1,NULL,NULL,NULL,'0000-00-00 00:00:00'),(303,'192.168.0.102','2018-12-17 20:24:59',9,NULL,NULL,NULL,'0000-00-00 00:00:00'),(304,'192.168.0.102','2018-12-17 20:33:05',1,NULL,NULL,NULL,'0000-00-00 00:00:00'),(395,'192.168.0.103','2019-02-16 21:43:36',2,NULL,NULL,NULL,'0000-00-00 00:00:00'),(400,'192.168.0.102','2019-10-10 20:15:40',13,NULL,NULL,NULL,'0000-00-00 00:00:00'),(404,'192.168.0.103','2020-01-08 13:11:37',1,NULL,NULL,NULL,'0000-00-00 00:00:00'),(405,'192.168.0.100','2021-04-22 11:15:27',1,NULL,NULL,NULL,'0000-00-00 00:00:00');
/*!40000 ALTER TABLE `aauth_login_attempts` ENABLE KEYS */;
UNLOCK TABLES;

--
-- Table structure for table `aauth_perm_to_group`
--

DROP TABLE IF EXISTS `aauth_perm_to_group`;
/*!40101 SET @saved_cs_client     = @@character_set_client */;
/*!40101 SET character_set_client = utf8 */;
CREATE TABLE `aauth_perm_to_group` (
  `perm_id` int(11) NOT NULL,
  `group_id` int(11) NOT NULL,
  `created_by` int(11) DEFAULT NULL,
  `updated_by` int(11) DEFAULT NULL,
  `updated_at` timestamp NULL DEFAULT NULL,
  `created_at` timestamp NOT NULL DEFAULT '0000-00-00 00:00:00',
  KEY `aauth_perm_to_group_created_by_index` (`created_by`),
  KEY `aauth_perm_to_group_updated_by_index` (`updated_by`)
) ENGINE=InnoDB DEFAULT CHARSET=utf8;
/*!40101 SET character_set_client = @saved_cs_client */;

--
-- Dumping data for table `aauth_perm_to_group`
--

LOCK TABLES `aauth_perm_to_group` WRITE;
/*!40000 ALTER TABLE `aauth_perm_to_group` DISABLE KEYS */;
INSERT INTO `aauth_perm_to_group` VALUES (478,1,NULL,NULL,NULL,'0000-00-00 00:00:00'),(476,1,NULL,NULL,NULL,'0000-00-00 00:00:00'),(476,2,NULL,NULL,NULL,'0000-00-00 00:00:00'),(476,4,NULL,NULL,NULL,'0000-00-00 00:00:00'),(480,1,NULL,NULL,NULL,'0000-00-00 00:00:00'),(480,2,NULL,NULL,NULL,'0000-00-00 00:00:00'),(480,4,NULL,NULL,NULL,'0000-00-00 00:00:00'),(481,1,NULL,NULL,NULL,'0000-00-00 00:00:00'),(481,2,NULL,NULL,NULL,'0000-00-00 00:00:00'),(481,4,NULL,NULL,NULL,'0000-00-00 00:00:00'),(481,1,NULL,NULL,NULL,'0000-00-00 00:00:00'),(481,2,NULL,NULL,NULL,'0000-00-00 00:00:00'),(481,4,NULL,NULL,NULL,'0000-00-00 00:00:00'),(482,1,NULL,NULL,NULL,'0000-00-00 00:00:00'),(482,2,NULL,NULL,NULL,'0000-00-00 00:00:00'),(482,4,NULL,NULL,NULL,'0000-00-00 00:00:00'),(485,1,NULL,NULL,NULL,'0000-00-00 00:00:00'),(485,2,NULL,NULL,NULL,'0000-00-00 00:00:00'),(485,4,NULL,NULL,NULL,'0000-00-00 00:00:00'),(488,1,NULL,NULL,NULL,'0000-00-00 00:00:00'),(488,2,NULL,NULL,NULL,'0000-00-00 00:00:00'),(488,4,NULL,NULL,NULL,'0000-00-00 00:00:00'),(489,1,NULL,NULL,NULL,'0000-00-00 00:00:00'),(489,2,NULL,NULL,NULL,'0000-00-00 00:00:00'),(489,4,NULL,NULL,NULL,'0000-00-00 00:00:00'),(482,1,NULL,NULL,NULL,'0000-00-00 00:00:00'),(482,2,NULL,NULL,NULL,'0000-00-00 00:00:00'),(482,4,NULL,NULL,NULL,'0000-00-00 00:00:00'),(396,1,NULL,NULL,NULL,'0000-00-00 00:00:00'),(396,2,NULL,NULL,NULL,'0000-00-00 00:00:00'),(396,4,NULL,NULL,NULL,'0000-00-00 00:00:00'),(396,1,NULL,NULL,NULL,'0000-00-00 00:00:00'),(396,2,NULL,NULL,NULL,'0000-00-00 00:00:00'),(396,4,NULL,NULL,NULL,'0000-00-00 00:00:00'),(501,1,NULL,NULL,NULL,'0000-00-00 00:00:00'),(501,2,NULL,NULL,NULL,'0000-00-00 00:00:00'),(501,4,NULL,NULL,NULL,'0000-00-00 00:00:00'),(502,0,NULL,NULL,NULL,'0000-00-00 00:00:00'),(502,1,NULL,NULL,NULL,'0000-00-00 00:00:00'),(502,2,NULL,NULL,NULL,'0000-00-00 00:00:00'),(502,4,NULL,NULL,NULL,'0000-00-00 00:00:00'),(504,1,NULL,NULL,NULL,'0000-00-00 00:00:00'),(504,2,NULL,NULL,NULL,'0000-00-00 00:00:00'),(504,4,NULL,NULL,NULL,'0000-00-00 00:00:00'),(505,1,NULL,NULL,NULL,'0000-00-00 00:00:00'),(505,2,NULL,NULL,NULL,'0000-00-00 00:00:00'),(505,4,NULL,NULL,NULL,'0000-00-00 00:00:00'),(515,1,NULL,NULL,NULL,'0000-00-00 00:00:00'),(515,2,NULL,NULL,NULL,'0000-00-00 00:00:00'),(515,4,NULL,NULL,NULL,'0000-00-00 00:00:00'),(516,0,NULL,NULL,NULL,'0000-00-00 00:00:00'),(516,1,NULL,NULL,NULL,'0000-00-00 00:00:00'),(516,2,NULL,NULL,NULL,'0000-00-00 00:00:00'),(516,4,NULL,NULL,NULL,'0000-00-00 00:00:00'),(350,1,NULL,NULL,NULL,'0000-00-00 00:00:00'),(350,2,NULL,NULL,NULL,'0000-00-00 00:00:00'),(350,4,NULL,NULL,NULL,'0000-00-00 00:00:00'),(349,1,NULL,NULL,NULL,'0000-00-00 00:00:00'),(349,2,NULL,NULL,NULL,'0000-00-00 00:00:00'),(349,4,NULL,NULL,NULL,'0000-00-00 00:00:00'),(378,1,NULL,NULL,NULL,'0000-00-00 00:00:00'),(378,1,NULL,NULL,NULL,'0000-00-00 00:00:00'),(378,1,NULL,NULL,NULL,'0000-00-00 00:00:00'),(378,1,NULL,NULL,NULL,'0000-00-00 00:00:00'),(378,1,NULL,NULL,NULL,'0000-00-00 00:00:00'),(380,1,NULL,NULL,NULL,'0000-00-00 00:00:00'),(521,1,NULL,NULL,NULL,'0000-00-00 00:00:00'),(380,1,NULL,NULL,NULL,'0000-00-00 00:00:00'),(395,1,NULL,NULL,NULL,'0000-00-00 00:00:00'),(395,1,NULL,NULL,NULL,'0000-00-00 00:00:00'),(482,1,NULL,NULL,NULL,'0000-00-00 00:00:00'),(482,1,NULL,NULL,NULL,'0000-00-00 00:00:00'),(488,1,NULL,NULL,NULL,'0000-00-00 00:00:00'),(529,1,NULL,NULL,NULL,'0000-00-00 00:00:00'),(534,1,NULL,NULL,NULL,'0000-00-00 00:00:00'),(542,1,NULL,NULL,NULL,'0000-00-00 00:00:00'),(543,0,NULL,NULL,NULL,'0000-00-00 00:00:00'),(543,1,NULL,NULL,NULL,'0000-00-00 00:00:00'),(378,5,NULL,NULL,NULL,'0000-00-00 00:00:00'),(395,5,NULL,NULL,NULL,'0000-00-00 00:00:00'),(521,5,NULL,NULL,NULL,'0000-00-00 00:00:00'),(22,5,NULL,NULL,NULL,'0000-00-00 00:00:00'),(328,5,NULL,NULL,NULL,'0000-00-00 00:00:00'),(329,5,NULL,NULL,NULL,'0000-00-00 00:00:00'),(330,5,NULL,NULL,NULL,'0000-00-00 00:00:00'),(331,5,NULL,NULL,NULL,'0000-00-00 00:00:00'),(332,5,NULL,NULL,NULL,'0000-00-00 00:00:00'),(258,5,NULL,NULL,NULL,'0000-00-00 00:00:00'),(259,5,NULL,NULL,NULL,'0000-00-00 00:00:00'),(260,5,NULL,NULL,NULL,'0000-00-00 00:00:00'),(261,5,NULL,NULL,NULL,'0000-00-00 00:00:00'),(262,5,NULL,NULL,NULL,'0000-00-00 00:00:00'),(263,5,NULL,NULL,NULL,'0000-00-00 00:00:00'),(264,5,NULL,NULL,NULL,'0000-00-00 00:00:00'),(265,5,NULL,NULL,NULL,'0000-00-00 00:00:00'),(266,5,NULL,NULL,NULL,'0000-00-00 00:00:00'),(267,5,NULL,NULL,NULL,'0000-00-00 00:00:00'),(268,5,NULL,NULL,NULL,'0000-00-00 00:00:00'),(269,5,NULL,NULL,NULL,'0000-00-00 00:00:00'),(270,5,NULL,NULL,NULL,'0000-00-00 00:00:00'),(271,5,NULL,NULL,NULL,'0000-00-00 00:00:00'),(272,5,NULL,NULL,NULL,'0000-00-00 00:00:00'),(395,1,NULL,NULL,NULL,'0000-00-00 00:00:00'),(395,5,NULL,NULL,NULL,'0000-00-00 00:00:00'),(396,1,NULL,NULL,NULL,'0000-00-00 00:00:00'),(396,5,NULL,NULL,NULL,'0000-00-00 00:00:00'),(396,5,NULL,NULL,NULL,'0000-00-00 00:00:00'),(396,5,NULL,NULL,NULL,'0000-00-00 00:00:00'),(396,5,NULL,NULL,NULL,'0000-00-00 00:00:00'),(380,5,NULL,NULL,NULL,'0000-00-00 00:00:00'),(380,5,NULL,NULL,NULL,'0000-00-00 00:00:00'),(546,1,NULL,NULL,NULL,'0000-00-00 00:00:00'),(549,1,NULL,NULL,NULL,'0000-00-00 00:00:00'),(552,1,NULL,NULL,NULL,'0000-00-00 00:00:00'),(395,1,NULL,NULL,NULL,'0000-00-00 00:00:00'),(395,1,NULL,NULL,NULL,'0000-00-00 00:00:00'),(396,1,NULL,NULL,NULL,'0000-00-00 00:00:00'),(396,1,NULL,NULL,NULL,'0000-00-00 00:00:00'),(397,1,NULL,NULL,NULL,'0000-00-00 00:00:00'),(397,1,NULL,NULL,NULL,'0000-00-00 00:00:00'),(398,1,NULL,NULL,NULL,'0000-00-00 00:00:00'),(398,1,NULL,NULL,NULL,'0000-00-00 00:00:00'),(552,1,NULL,NULL,NULL,'0000-00-00 00:00:00'),(552,1,NULL,NULL,NULL,'0000-00-00 00:00:00'),(193,9,NULL,NULL,NULL,'0000-00-00 00:00:00'),(194,9,NULL,NULL,NULL,'0000-00-00 00:00:00'),(195,9,NULL,NULL,NULL,'0000-00-00 00:00:00'),(196,9,NULL,NULL,NULL,'0000-00-00 00:00:00'),(197,9,NULL,NULL,NULL,'0000-00-00 00:00:00'),(452,9,NULL,NULL,NULL,'0000-00-00 00:00:00'),(453,9,NULL,NULL,NULL,'0000-00-00 00:00:00'),(454,9,NULL,NULL,NULL,'0000-00-00 00:00:00'),(455,9,NULL,NULL,NULL,'0000-00-00 00:00:00'),(456,9,NULL,NULL,NULL,'0000-00-00 00:00:00'),(138,10,NULL,NULL,NULL,'0000-00-00 00:00:00'),(139,10,NULL,NULL,NULL,'0000-00-00 00:00:00'),(140,10,NULL,NULL,NULL,'0000-00-00 00:00:00'),(141,10,NULL,NULL,NULL,'0000-00-00 00:00:00'),(142,10,NULL,NULL,NULL,'0000-00-00 00:00:00'),(405,10,NULL,NULL,NULL,'0000-00-00 00:00:00'),(406,10,NULL,NULL,NULL,'0000-00-00 00:00:00'),(407,10,NULL,NULL,NULL,'0000-00-00 00:00:00'),(408,10,NULL,NULL,NULL,'0000-00-00 00:00:00'),(409,10,NULL,NULL,NULL,'0000-00-00 00:00:00'),(183,10,NULL,NULL,NULL,'0000-00-00 00:00:00'),(184,10,NULL,NULL,NULL,'0000-00-00 00:00:00'),(185,10,NULL,NULL,NULL,'0000-00-00 00:00:00'),(186,10,NULL,NULL,NULL,'0000-00-00 00:00:00'),(187,10,NULL,NULL,NULL,'0000-00-00 00:00:00'),(346,1,NULL,NULL,NULL,'0000-00-00 00:00:00'),(346,1,NULL,NULL,NULL,'0000-00-00 00:00:00'),(346,1,NULL,NULL,NULL,'0000-00-00 00:00:00'),(447,1,NULL,NULL,NULL,'0000-00-00 00:00:00'),(554,1,NULL,NULL,NULL,'0000-00-00 00:00:00'),(347,1,NULL,NULL,NULL,'0000-00-00 00:00:00'),(555,1,NULL,NULL,NULL,'0000-00-00 00:00:00'),(349,1,NULL,NULL,NULL,'0000-00-00 00:00:00'),(556,1,NULL,NULL,NULL,'0000-00-00 00:00:00'),(433,1,NULL,NULL,NULL,'0000-00-00 00:00:00'),(557,1,NULL,NULL,NULL,'0000-00-00 00:00:00'),(445,1,NULL,NULL,NULL,'0000-00-00 00:00:00'),(558,1,NULL,NULL,NULL,'0000-00-00 00:00:00'),(448,1,NULL,NULL,NULL,'0000-00-00 00:00:00'),(559,1,NULL,NULL,NULL,'0000-00-00 00:00:00'),(348,1,NULL,NULL,NULL,'0000-00-00 00:00:00'),(350,1,NULL,NULL,NULL,'0000-00-00 00:00:00'),(560,1,NULL,NULL,NULL,'0000-00-00 00:00:00'),(350,1,NULL,NULL,NULL,'0000-00-00 00:00:00'),(446,1,NULL,NULL,NULL,'0000-00-00 00:00:00'),(561,1,NULL,NULL,NULL,'0000-00-00 00:00:00'),(446,1,NULL,NULL,NULL,'0000-00-00 00:00:00'),(562,1,NULL,NULL,NULL,'0000-00-00 00:00:00'),(562,10,NULL,NULL,NULL,'0000-00-00 00:00:00'),(351,1,NULL,NULL,NULL,'0000-00-00 00:00:00'),(351,10,NULL,NULL,NULL,'0000-00-00 00:00:00'),(563,1,NULL,NULL,NULL,'0000-00-00 00:00:00'),(563,10,NULL,NULL,NULL,'0000-00-00 00:00:00'),(352,1,NULL,NULL,NULL,'0000-00-00 00:00:00'),(352,10,NULL,NULL,NULL,'0000-00-00 00:00:00'),(503,1,NULL,NULL,NULL,'0000-00-00 00:00:00'),(562,1,NULL,NULL,NULL,'0000-00-00 00:00:00'),(562,10,NULL,NULL,NULL,'0000-00-00 00:00:00'),(351,1,NULL,NULL,NULL,'0000-00-00 00:00:00'),(351,10,NULL,NULL,NULL,'0000-00-00 00:00:00'),(352,1,NULL,NULL,NULL,'0000-00-00 00:00:00'),(352,10,NULL,NULL,NULL,'0000-00-00 00:00:00'),(564,1,NULL,NULL,NULL,'0000-00-00 00:00:00'),(354,1,NULL,NULL,NULL,'0000-00-00 00:00:00'),(355,1,NULL,NULL,NULL,'0000-00-00 00:00:00'),(565,1,NULL,NULL,NULL,'0000-00-00 00:00:00'),(355,1,NULL,NULL,NULL,'0000-00-00 00:00:00'),(354,1,NULL,NULL,NULL,'0000-00-00 00:00:00'),(354,1,NULL,NULL,NULL,'0000-00-00 00:00:00'),(565,1,NULL,NULL,NULL,'0000-00-00 00:00:00'),(355,1,NULL,NULL,NULL,'0000-00-00 00:00:00'),(566,1,NULL,NULL,NULL,'0000-00-00 00:00:00'),(366,1,NULL,NULL,NULL,'0000-00-00 00:00:00'),(567,1,NULL,NULL,NULL,'0000-00-00 00:00:00'),(367,1,NULL,NULL,NULL,'0000-00-00 00:00:00'),(368,1,NULL,NULL,NULL,'0000-00-00 00:00:00'),(368,1,NULL,NULL,NULL,'0000-00-00 00:00:00'),(369,1,NULL,NULL,NULL,'0000-00-00 00:00:00'),(568,1,NULL,NULL,NULL,'0000-00-00 00:00:00'),(369,1,NULL,NULL,NULL,'0000-00-00 00:00:00'),(569,1,NULL,NULL,NULL,'0000-00-00 00:00:00'),(368,1,NULL,NULL,NULL,'0000-00-00 00:00:00'),(570,1,NULL,NULL,NULL,'0000-00-00 00:00:00'),(570,9,NULL,NULL,NULL,'0000-00-00 00:00:00'),(371,1,NULL,NULL,NULL,'0000-00-00 00:00:00'),(371,9,NULL,NULL,NULL,'0000-00-00 00:00:00'),(372,1,NULL,NULL,NULL,'0000-00-00 00:00:00'),(572,1,NULL,NULL,NULL,'0000-00-00 00:00:00'),(373,1,NULL,NULL,NULL,'0000-00-00 00:00:00'),(573,1,NULL,NULL,NULL,'0000-00-00 00:00:00'),(374,1,NULL,NULL,NULL,'0000-00-00 00:00:00'),(574,1,NULL,NULL,NULL,'0000-00-00 00:00:00'),(395,1,NULL,NULL,NULL,'0000-00-00 00:00:00'),(575,1,NULL,NULL,NULL,'0000-00-00 00:00:00'),(396,1,NULL,NULL,NULL,'0000-00-00 00:00:00'),(576,1,NULL,NULL,NULL,'0000-00-00 00:00:00'),(397,1,NULL,NULL,NULL,'0000-00-00 00:00:00'),(577,1,NULL,NULL,NULL,'0000-00-00 00:00:00'),(398,1,NULL,NULL,NULL,'0000-00-00 00:00:00'),(574,1,NULL,NULL,NULL,'0000-00-00 00:00:00'),(395,1,NULL,NULL,NULL,'0000-00-00 00:00:00'),(578,1,NULL,NULL,NULL,'0000-00-00 00:00:00'),(482,1,NULL,NULL,NULL,'0000-00-00 00:00:00'),(579,1,NULL,NULL,NULL,'0000-00-00 00:00:00'),(485,1,NULL,NULL,NULL,'0000-00-00 00:00:00'),(580,1,NULL,NULL,NULL,'0000-00-00 00:00:00'),(488,1,NULL,NULL,NULL,'0000-00-00 00:00:00'),(581,1,NULL,NULL,NULL,'0000-00-00 00:00:00'),(378,1,NULL,NULL,NULL,'0000-00-00 00:00:00'),(582,1,NULL,NULL,NULL,'0000-00-00 00:00:00'),(379,1,NULL,NULL,NULL,'0000-00-00 00:00:00'),(583,1,NULL,NULL,NULL,'0000-00-00 00:00:00'),(380,1,NULL,NULL,NULL,'0000-00-00 00:00:00'),(584,1,NULL,NULL,NULL,'0000-00-00 00:00:00'),(529,1,NULL,NULL,NULL,'0000-00-00 00:00:00'),(378,14,NULL,NULL,NULL,'0000-00-00 00:00:00'),(379,14,NULL,NULL,NULL,'0000-00-00 00:00:00'),(380,14,NULL,NULL,NULL,'0000-00-00 00:00:00'),(529,14,NULL,NULL,NULL,'0000-00-00 00:00:00'),(581,14,NULL,NULL,NULL,'0000-00-00 00:00:00'),(582,14,NULL,NULL,NULL,'0000-00-00 00:00:00'),(583,14,NULL,NULL,NULL,'0000-00-00 00:00:00'),(584,14,NULL,NULL,NULL,'0000-00-00 00:00:00'),(218,14,NULL,NULL,NULL,'0000-00-00 00:00:00'),(219,14,NULL,NULL,NULL,'0000-00-00 00:00:00'),(220,14,NULL,NULL,NULL,'0000-00-00 00:00:00'),(221,14,NULL,NULL,NULL,'0000-00-00 00:00:00'),(222,14,NULL,NULL,NULL,'0000-00-00 00:00:00'),(223,14,NULL,NULL,NULL,'0000-00-00 00:00:00'),(224,14,NULL,NULL,NULL,'0000-00-00 00:00:00'),(225,14,NULL,NULL,NULL,'0000-00-00 00:00:00'),(226,14,NULL,NULL,NULL,'0000-00-00 00:00:00'),(227,14,NULL,NULL,NULL,'0000-00-00 00:00:00'),(228,14,NULL,NULL,NULL,'0000-00-00 00:00:00'),(229,14,NULL,NULL,NULL,'0000-00-00 00:00:00'),(230,14,NULL,NULL,NULL,'0000-00-00 00:00:00'),(231,14,NULL,NULL,NULL,'0000-00-00 00:00:00'),(232,14,NULL,NULL,NULL,'0000-00-00 00:00:00'),(328,14,NULL,NULL,NULL,'0000-00-00 00:00:00'),(329,14,NULL,NULL,NULL,'0000-00-00 00:00:00'),(330,14,NULL,NULL,NULL,'0000-00-00 00:00:00'),(331,14,NULL,NULL,NULL,'0000-00-00 00:00:00'),(332,14,NULL,NULL,NULL,'0000-00-00 00:00:00'),(528,14,NULL,NULL,NULL,'0000-00-00 00:00:00'),(585,1,NULL,NULL,NULL,'0000-00-00 00:00:00'),(381,1,NULL,NULL,NULL,'0000-00-00 00:00:00'),(586,1,NULL,NULL,NULL,'0000-00-00 00:00:00'),(392,1,NULL,NULL,NULL,'0000-00-00 00:00:00'),(587,1,NULL,NULL,NULL,'0000-00-00 00:00:00'),(393,1,NULL,NULL,NULL,'0000-00-00 00:00:00'),(588,1,NULL,NULL,NULL,'0000-00-00 00:00:00'),(394,1,NULL,NULL,NULL,'0000-00-00 00:00:00'),(500,1,NULL,NULL,NULL,'0000-00-00 00:00:00'),(590,1,NULL,NULL,NULL,'0000-00-00 00:00:00'),(501,1,NULL,NULL,NULL,'0000-00-00 00:00:00'),(591,1,NULL,NULL,NULL,'0000-00-00 00:00:00'),(502,1,NULL,NULL,NULL,'0000-00-00 00:00:00'),(514,1,NULL,NULL,NULL,'0000-00-00 00:00:00'),(593,1,NULL,NULL,NULL,'0000-00-00 00:00:00'),(515,1,NULL,NULL,NULL,'0000-00-00 00:00:00'),(594,1,NULL,NULL,NULL,'0000-00-00 00:00:00'),(516,1,NULL,NULL,NULL,'0000-00-00 00:00:00'),(560,1,NULL,NULL,NULL,'0000-00-00 00:00:00'),(350,1,NULL,NULL,NULL,'0000-00-00 00:00:00'),(555,1,NULL,NULL,NULL,'0000-00-00 00:00:00'),(349,1,NULL,NULL,NULL,'0000-00-00 00:00:00'),(516,1,NULL,NULL,NULL,'0000-00-00 00:00:00'),(594,1,NULL,NULL,NULL,'0000-00-00 00:00:00'),(516,1,NULL,NULL,NULL,'0000-00-00 00:00:00'),(560,1,NULL,NULL,NULL,'0000-00-00 00:00:00'),(350,1,NULL,NULL,NULL,'0000-00-00 00:00:00'),(546,1,NULL,NULL,NULL,'0000-00-00 00:00:00'),(595,1,NULL,NULL,NULL,'0000-00-00 00:00:00'),(546,1,NULL,NULL,NULL,'0000-00-00 00:00:00'),(596,1,NULL,NULL,NULL,'0000-00-00 00:00:00'),(549,1,NULL,NULL,NULL,'0000-00-00 00:00:00'),(597,1,NULL,NULL,NULL,'0000-00-00 00:00:00'),(552,1,NULL,NULL,NULL,'0000-00-00 00:00:00'),(598,1,NULL,NULL,NULL,'0000-00-00 00:00:00'),(340,1,NULL,NULL,NULL,'0000-00-00 00:00:00'),(504,1,NULL,NULL,NULL,'0000-00-00 00:00:00'),(504,14,NULL,NULL,NULL,'0000-00-00 00:00:00'),(599,1,NULL,NULL,NULL,'0000-00-00 00:00:00'),(599,14,NULL,NULL,NULL,'0000-00-00 00:00:00'),(504,1,NULL,NULL,NULL,'0000-00-00 00:00:00'),(504,14,NULL,NULL,NULL,'0000-00-00 00:00:00'),(600,1,NULL,NULL,NULL,'0000-00-00 00:00:00'),(600,14,NULL,NULL,NULL,'0000-00-00 00:00:00'),(505,1,NULL,NULL,NULL,'0000-00-00 00:00:00'),(505,14,NULL,NULL,NULL,'0000-00-00 00:00:00'),(601,1,NULL,NULL,NULL,'0000-00-00 00:00:00'),(341,1,NULL,NULL,NULL,'0000-00-00 00:00:00'),(602,1,NULL,NULL,NULL,'0000-00-00 00:00:00'),(343,1,NULL,NULL,NULL,'0000-00-00 00:00:00'),(603,1,NULL,NULL,NULL,'0000-00-00 00:00:00'),(344,1,NULL,NULL,NULL,'0000-00-00 00:00:00'),(604,1,NULL,NULL,NULL,'0000-00-00 00:00:00'),(345,1,NULL,NULL,NULL,'0000-00-00 00:00:00'),(605,1,NULL,NULL,NULL,'0000-00-00 00:00:00'),(376,1,NULL,NULL,NULL,'0000-00-00 00:00:00'),(606,1,NULL,NULL,NULL,'0000-00-00 00:00:00'),(377,1,NULL,NULL,NULL,'0000-00-00 00:00:00'),(607,1,NULL,NULL,NULL,'0000-00-00 00:00:00'),(434,1,NULL,NULL,NULL,'0000-00-00 00:00:00'),(340,17,NULL,NULL,NULL,'0000-00-00 00:00:00'),(341,17,NULL,NULL,NULL,'0000-00-00 00:00:00'),(343,17,NULL,NULL,NULL,'0000-00-00 00:00:00'),(344,17,NULL,NULL,NULL,'0000-00-00 00:00:00'),(345,17,NULL,NULL,NULL,'0000-00-00 00:00:00'),(376,17,NULL,NULL,NULL,'0000-00-00 00:00:00'),(377,17,NULL,NULL,NULL,'0000-00-00 00:00:00'),(434,17,NULL,NULL,NULL,'0000-00-00 00:00:00'),(504,17,NULL,NULL,NULL,'0000-00-00 00:00:00'),(505,17,NULL,NULL,NULL,'0000-00-00 00:00:00'),(598,17,NULL,NULL,NULL,'0000-00-00 00:00:00'),(599,17,NULL,NULL,NULL,'0000-00-00 00:00:00'),(600,17,NULL,NULL,NULL,'0000-00-00 00:00:00'),(601,17,NULL,NULL,NULL,'0000-00-00 00:00:00'),(602,17,NULL,NULL,NULL,'0000-00-00 00:00:00'),(603,17,NULL,NULL,NULL,'0000-00-00 00:00:00'),(604,17,NULL,NULL,NULL,'0000-00-00 00:00:00'),(605,17,NULL,NULL,NULL,'0000-00-00 00:00:00'),(606,17,NULL,NULL,NULL,'0000-00-00 00:00:00'),(607,17,NULL,NULL,NULL,'0000-00-00 00:00:00'),(22,17,NULL,NULL,NULL,'0000-00-00 00:00:00'),(381,15,NULL,NULL,NULL,'0000-00-00 00:00:00'),(392,15,NULL,NULL,NULL,'0000-00-00 00:00:00'),(393,15,NULL,NULL,NULL,'0000-00-00 00:00:00'),(394,15,NULL,NULL,NULL,'0000-00-00 00:00:00'),(585,15,NULL,NULL,NULL,'0000-00-00 00:00:00'),(586,15,NULL,NULL,NULL,'0000-00-00 00:00:00'),(587,15,NULL,NULL,NULL,'0000-00-00 00:00:00'),(588,15,NULL,NULL,NULL,'0000-00-00 00:00:00'),(22,15,NULL,NULL,NULL,'0000-00-00 00:00:00'),(233,15,NULL,NULL,NULL,'0000-00-00 00:00:00'),(234,15,NULL,NULL,NULL,'0000-00-00 00:00:00'),(235,15,NULL,NULL,NULL,'0000-00-00 00:00:00'),(236,15,NULL,NULL,NULL,'0000-00-00 00:00:00'),(237,15,NULL,NULL,NULL,'0000-00-00 00:00:00'),(382,15,NULL,NULL,NULL,'0000-00-00 00:00:00'),(383,15,NULL,NULL,NULL,'0000-00-00 00:00:00'),(384,15,NULL,NULL,NULL,'0000-00-00 00:00:00'),(385,15,NULL,NULL,NULL,'0000-00-00 00:00:00'),(386,15,NULL,NULL,NULL,'0000-00-00 00:00:00'),(387,15,NULL,NULL,NULL,'0000-00-00 00:00:00'),(388,15,NULL,NULL,NULL,'0000-00-00 00:00:00'),(389,15,NULL,NULL,NULL,'0000-00-00 00:00:00'),(390,15,NULL,NULL,NULL,'0000-00-00 00:00:00'),(391,15,NULL,NULL,NULL,'0000-00-00 00:00:00'),(608,1,NULL,NULL,NULL,'0000-00-00 00:00:00'),(609,1,NULL,NULL,NULL,'0000-00-00 00:00:00'),(610,0,NULL,NULL,NULL,'0000-00-00 00:00:00'),(610,1,NULL,NULL,NULL,'0000-00-00 00:00:00'),(611,0,NULL,NULL,NULL,'0000-00-00 00:00:00'),(611,1,NULL,NULL,NULL,'0000-00-00 00:00:00'),(612,0,NULL,NULL,NULL,'0000-00-00 00:00:00'),(612,1,NULL,NULL,NULL,'0000-00-00 00:00:00'),(613,0,NULL,NULL,NULL,'0000-00-00 00:00:00'),(613,1,NULL,NULL,NULL,'0000-00-00 00:00:00'),(614,0,NULL,NULL,NULL,'0000-00-00 00:00:00'),(614,1,NULL,NULL,NULL,'0000-00-00 00:00:00'),(615,0,NULL,NULL,NULL,'0000-00-00 00:00:00'),(615,1,NULL,NULL,NULL,'0000-00-00 00:00:00'),(616,0,NULL,NULL,NULL,'0000-00-00 00:00:00'),(616,1,NULL,NULL,NULL,'0000-00-00 00:00:00'),(617,0,NULL,NULL,NULL,'0000-00-00 00:00:00'),(617,1,NULL,NULL,NULL,'0000-00-00 00:00:00'),(514,18,NULL,NULL,NULL,'0000-00-00 00:00:00'),(515,18,NULL,NULL,NULL,'0000-00-00 00:00:00'),(516,18,NULL,NULL,NULL,'0000-00-00 00:00:00'),(511,18,NULL,NULL,NULL,'0000-00-00 00:00:00'),(347,19,NULL,NULL,NULL,'0000-00-00 00:00:00'),(349,19,NULL,NULL,NULL,'0000-00-00 00:00:00'),(368,19,NULL,NULL,NULL,'0000-00-00 00:00:00'),(369,19,NULL,NULL,NULL,'0000-00-00 00:00:00'),(514,19,NULL,NULL,NULL,'0000-00-00 00:00:00'),(515,19,NULL,NULL,NULL,'0000-00-00 00:00:00'),(516,19,NULL,NULL,NULL,'0000-00-00 00:00:00'),(556,19,NULL,NULL,NULL,'0000-00-00 00:00:00'),(557,19,NULL,NULL,NULL,'0000-00-00 00:00:00'),(576,19,NULL,NULL,NULL,'0000-00-00 00:00:00'),(577,19,NULL,NULL,NULL,'0000-00-00 00:00:00'),(578,19,NULL,NULL,NULL,'0000-00-00 00:00:00'),(608,19,NULL,NULL,NULL,'0000-00-00 00:00:00'),(609,19,NULL,NULL,NULL,'0000-00-00 00:00:00'),(610,19,NULL,NULL,NULL,'0000-00-00 00:00:00'),(611,19,NULL,NULL,NULL,'0000-00-00 00:00:00'),(612,19,NULL,NULL,NULL,'0000-00-00 00:00:00'),(613,19,NULL,NULL,NULL,'0000-00-00 00:00:00'),(614,19,NULL,NULL,NULL,'0000-00-00 00:00:00'),(615,19,NULL,NULL,NULL,'0000-00-00 00:00:00'),(616,19,NULL,NULL,NULL,'0000-00-00 00:00:00'),(617,19,NULL,NULL,NULL,'0000-00-00 00:00:00'),(138,19,NULL,NULL,NULL,'0000-00-00 00:00:00'),(139,19,NULL,NULL,NULL,'0000-00-00 00:00:00'),(140,19,NULL,NULL,NULL,'0000-00-00 00:00:00'),(141,19,NULL,NULL,NULL,'0000-00-00 00:00:00'),(142,19,NULL,NULL,NULL,'0000-00-00 00:00:00'),(405,19,NULL,NULL,NULL,'0000-00-00 00:00:00'),(406,19,NULL,NULL,NULL,'0000-00-00 00:00:00'),(407,19,NULL,NULL,NULL,'0000-00-00 00:00:00'),(409,19,NULL,NULL,NULL,'0000-00-00 00:00:00'),(173,19,NULL,NULL,NULL,'0000-00-00 00:00:00'),(174,19,NULL,NULL,NULL,'0000-00-00 00:00:00'),(175,19,NULL,NULL,NULL,'0000-00-00 00:00:00'),(177,19,NULL,NULL,NULL,'0000-00-00 00:00:00'),(178,19,NULL,NULL,NULL,'0000-00-00 00:00:00'),(179,19,NULL,NULL,NULL,'0000-00-00 00:00:00'),(180,19,NULL,NULL,NULL,'0000-00-00 00:00:00'),(182,19,NULL,NULL,NULL,'0000-00-00 00:00:00'),(258,19,NULL,NULL,NULL,'0000-00-00 00:00:00'),(259,19,NULL,NULL,NULL,'0000-00-00 00:00:00'),(260,19,NULL,NULL,NULL,'0000-00-00 00:00:00'),(262,19,NULL,NULL,NULL,'0000-00-00 00:00:00'),(263,19,NULL,NULL,NULL,'0000-00-00 00:00:00'),(264,19,NULL,NULL,NULL,'0000-00-00 00:00:00'),(265,19,NULL,NULL,NULL,'0000-00-00 00:00:00'),(267,19,NULL,NULL,NULL,'0000-00-00 00:00:00'),(303,19,NULL,NULL,NULL,'0000-00-00 00:00:00'),(304,19,NULL,NULL,NULL,'0000-00-00 00:00:00'),(305,19,NULL,NULL,NULL,'0000-00-00 00:00:00'),(307,19,NULL,NULL,NULL,'0000-00-00 00:00:00'),(308,19,NULL,NULL,NULL,'0000-00-00 00:00:00'),(309,19,NULL,NULL,NULL,'0000-00-00 00:00:00'),(310,19,NULL,NULL,NULL,'0000-00-00 00:00:00'),(312,19,NULL,NULL,NULL,'0000-00-00 00:00:00'),(464,19,NULL,NULL,NULL,'0000-00-00 00:00:00'),(484,19,NULL,NULL,NULL,'0000-00-00 00:00:00'),(511,19,NULL,NULL,NULL,'0000-00-00 00:00:00'),(518,19,NULL,NULL,NULL,'0000-00-00 00:00:00'),(520,19,NULL,NULL,NULL,'0000-00-00 00:00:00'),(533,19,NULL,NULL,NULL,'0000-00-00 00:00:00'),(548,19,NULL,NULL,NULL,'0000-00-00 00:00:00'),(551,19,NULL,NULL,NULL,'0000-00-00 00:00:00'),(368,12,NULL,NULL,NULL,'0000-00-00 00:00:00'),(369,12,NULL,NULL,NULL,'0000-00-00 00:00:00'),(370,12,NULL,NULL,NULL,'0000-00-00 00:00:00'),(568,12,NULL,NULL,NULL,'0000-00-00 00:00:00'),(569,12,NULL,NULL,NULL,'0000-00-00 00:00:00'),(22,12,NULL,NULL,NULL,'0000-00-00 00:00:00'),(173,12,NULL,NULL,NULL,'0000-00-00 00:00:00'),(174,12,NULL,NULL,NULL,'0000-00-00 00:00:00'),(175,12,NULL,NULL,NULL,'0000-00-00 00:00:00'),(177,12,NULL,NULL,NULL,'0000-00-00 00:00:00'),(178,12,NULL,NULL,NULL,'0000-00-00 00:00:00'),(179,12,NULL,NULL,NULL,'0000-00-00 00:00:00'),(180,12,NULL,NULL,NULL,'0000-00-00 00:00:00'),(182,12,NULL,NULL,NULL,'0000-00-00 00:00:00'),(183,12,NULL,NULL,NULL,'0000-00-00 00:00:00'),(184,12,NULL,NULL,NULL,'0000-00-00 00:00:00'),(185,12,NULL,NULL,NULL,'0000-00-00 00:00:00'),(186,12,NULL,NULL,NULL,'0000-00-00 00:00:00'),(187,12,NULL,NULL,NULL,'0000-00-00 00:00:00'),(193,12,NULL,NULL,NULL,'0000-00-00 00:00:00'),(194,12,NULL,NULL,NULL,'0000-00-00 00:00:00'),(195,12,NULL,NULL,NULL,'0000-00-00 00:00:00'),(196,12,NULL,NULL,NULL,'0000-00-00 00:00:00'),(197,12,NULL,NULL,NULL,'0000-00-00 00:00:00'),(452,12,NULL,NULL,NULL,'0000-00-00 00:00:00'),(453,12,NULL,NULL,NULL,'0000-00-00 00:00:00'),(454,12,NULL,NULL,NULL,'0000-00-00 00:00:00'),(455,12,NULL,NULL,NULL,'0000-00-00 00:00:00'),(456,12,NULL,NULL,NULL,'0000-00-00 00:00:00'),(348,20,NULL,NULL,NULL,'0000-00-00 00:00:00'),(500,20,NULL,NULL,NULL,'0000-00-00 00:00:00'),(501,20,NULL,NULL,NULL,'0000-00-00 00:00:00'),(546,20,NULL,NULL,NULL,'0000-00-00 00:00:00'),(558,20,NULL,NULL,NULL,'0000-00-00 00:00:00'),(559,20,NULL,NULL,NULL,'0000-00-00 00:00:00'),(560,20,NULL,NULL,NULL,'0000-00-00 00:00:00'),(561,20,NULL,NULL,NULL,'0000-00-00 00:00:00'),(567,20,NULL,NULL,NULL,'0000-00-00 00:00:00'),(589,20,NULL,NULL,NULL,'0000-00-00 00:00:00'),(590,20,NULL,NULL,NULL,'0000-00-00 00:00:00'),(22,20,NULL,NULL,NULL,'0000-00-00 00:00:00'),(490,20,NULL,NULL,NULL,'0000-00-00 00:00:00'),(491,20,NULL,NULL,NULL,'0000-00-00 00:00:00'),(492,20,NULL,NULL,NULL,'0000-00-00 00:00:00'),(494,20,NULL,NULL,NULL,'0000-00-00 00:00:00'),(545,20,NULL,NULL,NULL,'0000-00-00 00:00:00'),(348,13,NULL,NULL,NULL,'0000-00-00 00:00:00'),(350,13,NULL,NULL,NULL,'0000-00-00 00:00:00'),(367,13,NULL,NULL,NULL,'0000-00-00 00:00:00'),(372,13,NULL,NULL,NULL,'0000-00-00 00:00:00'),(373,13,NULL,NULL,NULL,'0000-00-00 00:00:00'),(374,13,NULL,NULL,NULL,'0000-00-00 00:00:00'),(448,13,NULL,NULL,NULL,'0000-00-00 00:00:00'),(500,13,NULL,NULL,NULL,'0000-00-00 00:00:00'),(501,13,NULL,NULL,NULL,'0000-00-00 00:00:00'),(559,13,NULL,NULL,NULL,'0000-00-00 00:00:00'),(560,13,NULL,NULL,NULL,'0000-00-00 00:00:00'),(572,13,NULL,NULL,NULL,'0000-00-00 00:00:00'),(573,13,NULL,NULL,NULL,'0000-00-00 00:00:00'),(589,13,NULL,NULL,NULL,'0000-00-00 00:00:00'),(590,13,NULL,NULL,NULL,'0000-00-00 00:00:00'),(591,13,NULL,NULL,NULL,'0000-00-00 00:00:00'),(22,13,NULL,NULL,NULL,'0000-00-00 00:00:00'),(148,13,NULL,NULL,NULL,'0000-00-00 00:00:00'),(149,13,NULL,NULL,NULL,'0000-00-00 00:00:00'),(150,13,NULL,NULL,NULL,'0000-00-00 00:00:00'),(152,13,NULL,NULL,NULL,'0000-00-00 00:00:00'),(158,13,NULL,NULL,NULL,'0000-00-00 00:00:00'),(159,13,NULL,NULL,NULL,'0000-00-00 00:00:00'),(160,13,NULL,NULL,NULL,'0000-00-00 00:00:00'),(162,13,NULL,NULL,NULL,'0000-00-00 00:00:00'),(278,13,NULL,NULL,NULL,'0000-00-00 00:00:00'),(279,13,NULL,NULL,NULL,'0000-00-00 00:00:00'),(280,13,NULL,NULL,NULL,'0000-00-00 00:00:00'),(282,13,NULL,NULL,NULL,'0000-00-00 00:00:00'),(283,13,NULL,NULL,NULL,'0000-00-00 00:00:00'),(284,13,NULL,NULL,NULL,'0000-00-00 00:00:00'),(285,13,NULL,NULL,NULL,'0000-00-00 00:00:00'),(287,13,NULL,NULL,NULL,'0000-00-00 00:00:00'),(298,13,NULL,NULL,NULL,'0000-00-00 00:00:00'),(299,13,NULL,NULL,NULL,'0000-00-00 00:00:00'),(300,13,NULL,NULL,NULL,'0000-00-00 00:00:00'),(302,13,NULL,NULL,NULL,'0000-00-00 00:00:00'),(323,13,NULL,NULL,NULL,'0000-00-00 00:00:00'),(324,13,NULL,NULL,NULL,'0000-00-00 00:00:00'),(325,13,NULL,NULL,NULL,'0000-00-00 00:00:00'),(327,13,NULL,NULL,NULL,'0000-00-00 00:00:00'),(440,13,NULL,NULL,NULL,'0000-00-00 00:00:00'),(441,13,NULL,NULL,NULL,'0000-00-00 00:00:00'),(442,13,NULL,NULL,NULL,'0000-00-00 00:00:00'),(444,13,NULL,NULL,NULL,'0000-00-00 00:00:00'),(490,13,NULL,NULL,NULL,'0000-00-00 00:00:00'),(491,13,NULL,NULL,NULL,'0000-00-00 00:00:00'),(492,13,NULL,NULL,NULL,'0000-00-00 00:00:00'),(494,13,NULL,NULL,NULL,'0000-00-00 00:00:00'),(495,13,NULL,NULL,NULL,'0000-00-00 00:00:00'),(496,13,NULL,NULL,NULL,'0000-00-00 00:00:00'),(497,13,NULL,NULL,NULL,'0000-00-00 00:00:00'),(499,13,NULL,NULL,NULL,'0000-00-00 00:00:00'),(203,13,NULL,NULL,NULL,'0000-00-00 00:00:00'),(204,13,NULL,NULL,NULL,'0000-00-00 00:00:00'),(205,13,NULL,NULL,NULL,'0000-00-00 00:00:00'),(207,13,NULL,NULL,NULL,'0000-00-00 00:00:00'),(208,13,NULL,NULL,NULL,'0000-00-00 00:00:00'),(209,13,NULL,NULL,NULL,'0000-00-00 00:00:00'),(210,13,NULL,NULL,NULL,'0000-00-00 00:00:00'),(212,13,NULL,NULL,NULL,'0000-00-00 00:00:00'),(213,13,NULL,NULL,NULL,'0000-00-00 00:00:00'),(214,13,NULL,NULL,NULL,'0000-00-00 00:00:00'),(215,13,NULL,NULL,NULL,'0000-00-00 00:00:00'),(217,13,NULL,NULL,NULL,'0000-00-00 00:00:00'),(545,13,NULL,NULL,NULL,'0000-00-00 00:00:00'),(346,8,NULL,NULL,NULL,'0000-00-00 00:00:00'),(347,8,NULL,NULL,NULL,'0000-00-00 00:00:00'),(348,8,NULL,NULL,NULL,'0000-00-00 00:00:00'),(349,8,NULL,NULL,NULL,'0000-00-00 00:00:00'),(350,8,NULL,NULL,NULL,'0000-00-00 00:00:00'),(367,8,NULL,NULL,NULL,'0000-00-00 00:00:00'),(433,8,NULL,NULL,NULL,'0000-00-00 00:00:00'),(445,8,NULL,NULL,NULL,'0000-00-00 00:00:00'),(446,8,NULL,NULL,NULL,'0000-00-00 00:00:00'),(447,8,NULL,NULL,NULL,'0000-00-00 00:00:00'),(500,8,NULL,NULL,NULL,'0000-00-00 00:00:00'),(501,8,NULL,NULL,NULL,'0000-00-00 00:00:00'),(502,8,NULL,NULL,NULL,'0000-00-00 00:00:00'),(503,8,NULL,NULL,NULL,'0000-00-00 00:00:00'),(516,8,NULL,NULL,NULL,'0000-00-00 00:00:00'),(546,8,NULL,NULL,NULL,'0000-00-00 00:00:00'),(552,8,NULL,NULL,NULL,'0000-00-00 00:00:00'),(554,8,NULL,NULL,NULL,'0000-00-00 00:00:00'),(555,8,NULL,NULL,NULL,'0000-00-00 00:00:00'),(556,8,NULL,NULL,NULL,'0000-00-00 00:00:00'),(557,8,NULL,NULL,NULL,'0000-00-00 00:00:00'),(559,8,NULL,NULL,NULL,'0000-00-00 00:00:00'),(560,8,NULL,NULL,NULL,'0000-00-00 00:00:00'),(561,8,NULL,NULL,NULL,'0000-00-00 00:00:00'),(567,8,NULL,NULL,NULL,'0000-00-00 00:00:00'),(590,8,NULL,NULL,NULL,'0000-00-00 00:00:00'),(591,8,NULL,NULL,NULL,'0000-00-00 00:00:00'),(594,8,NULL,NULL,NULL,'0000-00-00 00:00:00'),(597,8,NULL,NULL,NULL,'0000-00-00 00:00:00'),(22,8,NULL,NULL,NULL,'0000-00-00 00:00:00'),(143,8,NULL,NULL,NULL,'0000-00-00 00:00:00'),(144,8,NULL,NULL,NULL,'0000-00-00 00:00:00'),(145,8,NULL,NULL,NULL,'0000-00-00 00:00:00'),(147,8,NULL,NULL,NULL,'0000-00-00 00:00:00'),(153,8,NULL,NULL,NULL,'0000-00-00 00:00:00'),(154,8,NULL,NULL,NULL,'0000-00-00 00:00:00'),(155,8,NULL,NULL,NULL,'0000-00-00 00:00:00'),(157,8,NULL,NULL,NULL,'0000-00-00 00:00:00'),(253,8,NULL,NULL,NULL,'0000-00-00 00:00:00'),(254,8,NULL,NULL,NULL,'0000-00-00 00:00:00'),(255,8,NULL,NULL,NULL,'0000-00-00 00:00:00'),(257,8,NULL,NULL,NULL,'0000-00-00 00:00:00'),(273,8,NULL,NULL,NULL,'0000-00-00 00:00:00'),(274,8,NULL,NULL,NULL,'0000-00-00 00:00:00'),(275,8,NULL,NULL,NULL,'0000-00-00 00:00:00'),(277,8,NULL,NULL,NULL,'0000-00-00 00:00:00'),(293,8,NULL,NULL,NULL,'0000-00-00 00:00:00'),(294,8,NULL,NULL,NULL,'0000-00-00 00:00:00'),(295,8,NULL,NULL,NULL,'0000-00-00 00:00:00'),(297,8,NULL,NULL,NULL,'0000-00-00 00:00:00'),(318,8,NULL,NULL,NULL,'0000-00-00 00:00:00'),(319,8,NULL,NULL,NULL,'0000-00-00 00:00:00'),(320,8,NULL,NULL,NULL,'0000-00-00 00:00:00'),(322,8,NULL,NULL,NULL,'0000-00-00 00:00:00'),(411,8,NULL,NULL,NULL,'0000-00-00 00:00:00'),(412,8,NULL,NULL,NULL,'0000-00-00 00:00:00'),(413,8,NULL,NULL,NULL,'0000-00-00 00:00:00'),(415,8,NULL,NULL,NULL,'0000-00-00 00:00:00'),(416,8,NULL,NULL,NULL,'0000-00-00 00:00:00'),(417,8,NULL,NULL,NULL,'0000-00-00 00:00:00'),(418,8,NULL,NULL,NULL,'0000-00-00 00:00:00'),(420,8,NULL,NULL,NULL,'0000-00-00 00:00:00'),(421,8,NULL,NULL,NULL,'0000-00-00 00:00:00'),(422,8,NULL,NULL,NULL,'0000-00-00 00:00:00'),(423,8,NULL,NULL,NULL,'0000-00-00 00:00:00'),(425,8,NULL,NULL,NULL,'0000-00-00 00:00:00'),(428,8,NULL,NULL,NULL,'0000-00-00 00:00:00'),(429,8,NULL,NULL,NULL,'0000-00-00 00:00:00'),(430,8,NULL,NULL,NULL,'0000-00-00 00:00:00'),(432,8,NULL,NULL,NULL,'0000-00-00 00:00:00'),(435,8,NULL,NULL,NULL,'0000-00-00 00:00:00'),(436,8,NULL,NULL,NULL,'0000-00-00 00:00:00'),(437,8,NULL,NULL,NULL,'0000-00-00 00:00:00'),(439,8,NULL,NULL,NULL,'0000-00-00 00:00:00'),(148,8,NULL,NULL,NULL,'0000-00-00 00:00:00'),(149,8,NULL,NULL,NULL,'0000-00-00 00:00:00'),(150,8,NULL,NULL,NULL,'0000-00-00 00:00:00'),(152,8,NULL,NULL,NULL,'0000-00-00 00:00:00'),(158,8,NULL,NULL,NULL,'0000-00-00 00:00:00'),(159,8,NULL,NULL,NULL,'0000-00-00 00:00:00'),(160,8,NULL,NULL,NULL,'0000-00-00 00:00:00'),(162,8,NULL,NULL,NULL,'0000-00-00 00:00:00'),(278,8,NULL,NULL,NULL,'0000-00-00 00:00:00'),(279,8,NULL,NULL,NULL,'0000-00-00 00:00:00'),(280,8,NULL,NULL,NULL,'0000-00-00 00:00:00'),(282,8,NULL,NULL,NULL,'0000-00-00 00:00:00'),(283,8,NULL,NULL,NULL,'0000-00-00 00:00:00'),(284,8,NULL,NULL,NULL,'0000-00-00 00:00:00'),(285,8,NULL,NULL,NULL,'0000-00-00 00:00:00'),(287,8,NULL,NULL,NULL,'0000-00-00 00:00:00'),(298,8,NULL,NULL,NULL,'0000-00-00 00:00:00'),(299,8,NULL,NULL,NULL,'0000-00-00 00:00:00'),(302,8,NULL,NULL,NULL,'0000-00-00 00:00:00'),(323,8,NULL,NULL,NULL,'0000-00-00 00:00:00'),(324,8,NULL,NULL,NULL,'0000-00-00 00:00:00'),(325,8,NULL,NULL,NULL,'0000-00-00 00:00:00'),(327,8,NULL,NULL,NULL,'0000-00-00 00:00:00'),(440,8,NULL,NULL,NULL,'0000-00-00 00:00:00'),(441,8,NULL,NULL,NULL,'0000-00-00 00:00:00'),(442,8,NULL,NULL,NULL,'0000-00-00 00:00:00'),(444,8,NULL,NULL,NULL,'0000-00-00 00:00:00'),(490,8,NULL,NULL,NULL,'0000-00-00 00:00:00'),(491,8,NULL,NULL,NULL,'0000-00-00 00:00:00'),(492,8,NULL,NULL,NULL,'0000-00-00 00:00:00'),(494,8,NULL,NULL,NULL,'0000-00-00 00:00:00'),(495,8,NULL,NULL,NULL,'0000-00-00 00:00:00'),(496,8,NULL,NULL,NULL,'0000-00-00 00:00:00'),(497,8,NULL,NULL,NULL,'0000-00-00 00:00:00'),(499,8,NULL,NULL,NULL,'0000-00-00 00:00:00'),(464,8,NULL,NULL,NULL,'0000-00-00 00:00:00'),(522,8,NULL,NULL,NULL,'0000-00-00 00:00:00'),(523,8,NULL,NULL,NULL,'0000-00-00 00:00:00'),(524,8,NULL,NULL,NULL,'0000-00-00 00:00:00'),(526,8,NULL,NULL,NULL,'0000-00-00 00:00:00'),(354,11,NULL,NULL,NULL,'0000-00-00 00:00:00'),(355,11,NULL,NULL,NULL,'0000-00-00 00:00:00'),(366,11,NULL,NULL,NULL,'0000-00-00 00:00:00'),(564,11,NULL,NULL,NULL,'0000-00-00 00:00:00'),(565,11,NULL,NULL,NULL,'0000-00-00 00:00:00'),(566,11,NULL,NULL,NULL,'0000-00-00 00:00:00'),(198,11,NULL,NULL,NULL,'0000-00-00 00:00:00'),(199,11,NULL,NULL,NULL,'0000-00-00 00:00:00'),(200,11,NULL,NULL,NULL,'0000-00-00 00:00:00'),(202,11,NULL,NULL,NULL,'0000-00-00 00:00:00'),(356,11,NULL,NULL,NULL,'0000-00-00 00:00:00'),(357,11,NULL,NULL,NULL,'0000-00-00 00:00:00'),(358,11,NULL,NULL,NULL,'0000-00-00 00:00:00'),(360,11,NULL,NULL,NULL,'0000-00-00 00:00:00'),(361,11,NULL,NULL,NULL,'0000-00-00 00:00:00'),(362,11,NULL,NULL,NULL,'0000-00-00 00:00:00'),(363,11,NULL,NULL,NULL,'0000-00-00 00:00:00'),(365,11,NULL,NULL,NULL,'0000-00-00 00:00:00'),(395,7,NULL,NULL,NULL,'0000-00-00 00:00:00'),(482,7,NULL,NULL,NULL,'0000-00-00 00:00:00'),(485,7,NULL,NULL,NULL,'0000-00-00 00:00:00'),(488,7,NULL,NULL,NULL,'0000-00-00 00:00:00'),(552,7,NULL,NULL,NULL,'0000-00-00 00:00:00'),(574,7,NULL,NULL,NULL,'0000-00-00 00:00:00'),(578,7,NULL,NULL,NULL,'0000-00-00 00:00:00'),(579,7,NULL,NULL,NULL,'0000-00-00 00:00:00'),(580,7,NULL,NULL,NULL,'0000-00-00 00:00:00'),(597,7,NULL,NULL,NULL,'0000-00-00 00:00:00'),(22,7,NULL,NULL,NULL,'0000-00-00 00:00:00'),(303,7,NULL,NULL,NULL,'0000-00-00 00:00:00'),(304,7,NULL,NULL,NULL,'0000-00-00 00:00:00'),(305,7,NULL,NULL,NULL,'0000-00-00 00:00:00'),(307,7,NULL,NULL,NULL,'0000-00-00 00:00:00'),(308,7,NULL,NULL,NULL,'0000-00-00 00:00:00'),(309,7,NULL,NULL,NULL,'0000-00-00 00:00:00'),(310,7,NULL,NULL,NULL,'0000-00-00 00:00:00'),(311,7,NULL,NULL,NULL,'0000-00-00 00:00:00'),(312,7,NULL,NULL,NULL,'0000-00-00 00:00:00'),(349,16,NULL,NULL,NULL,'0000-00-00 00:00:00'),(514,16,NULL,NULL,NULL,'0000-00-00 00:00:00'),(515,16,NULL,NULL,NULL,'0000-00-00 00:00:00'),(516,16,NULL,NULL,NULL,'0000-00-00 00:00:00'),(549,16,NULL,NULL,NULL,'0000-00-00 00:00:00'),(552,16,NULL,NULL,NULL,'0000-00-00 00:00:00'),(555,16,NULL,NULL,NULL,'0000-00-00 00:00:00'),(593,16,NULL,NULL,NULL,'0000-00-00 00:00:00'),(594,16,NULL,NULL,NULL,'0000-00-00 00:00:00'),(596,16,NULL,NULL,NULL,'0000-00-00 00:00:00'),(597,16,NULL,NULL,NULL,'0000-00-00 00:00:00'),(22,16,NULL,NULL,NULL,'0000-00-00 00:00:00'),(26,16,NULL,NULL,NULL,'0000-00-00 00:00:00'),(32,16,NULL,NULL,NULL,'0000-00-00 00:00:00'),(39,16,NULL,NULL,NULL,'0000-00-00 00:00:00'),(45,16,NULL,NULL,NULL,'0000-00-00 00:00:00'),(51,16,NULL,NULL,NULL,'0000-00-00 00:00:00'),(57,16,NULL,NULL,NULL,'0000-00-00 00:00:00'),(72,16,NULL,NULL,NULL,'0000-00-00 00:00:00'),(118,16,NULL,NULL,NULL,'0000-00-00 00:00:00'),(119,16,NULL,NULL,NULL,'0000-00-00 00:00:00'),(120,16,NULL,NULL,NULL,'0000-00-00 00:00:00'),(121,16,NULL,NULL,NULL,'0000-00-00 00:00:00'),(122,16,NULL,NULL,NULL,'0000-00-00 00:00:00'),(123,16,NULL,NULL,NULL,'0000-00-00 00:00:00'),(124,16,NULL,NULL,NULL,'0000-00-00 00:00:00'),(125,16,NULL,NULL,NULL,'0000-00-00 00:00:00'),(126,16,NULL,NULL,NULL,'0000-00-00 00:00:00'),(127,16,NULL,NULL,NULL,'0000-00-00 00:00:00'),(128,16,NULL,NULL,NULL,'0000-00-00 00:00:00'),(129,16,NULL,NULL,NULL,'0000-00-00 00:00:00'),(130,16,NULL,NULL,NULL,'0000-00-00 00:00:00'),(131,16,NULL,NULL,NULL,'0000-00-00 00:00:00'),(132,16,NULL,NULL,NULL,'0000-00-00 00:00:00'),(133,16,NULL,NULL,NULL,'0000-00-00 00:00:00'),(134,16,NULL,NULL,NULL,'0000-00-00 00:00:00'),(135,16,NULL,NULL,NULL,'0000-00-00 00:00:00'),(136,16,NULL,NULL,NULL,'0000-00-00 00:00:00'),(137,16,NULL,NULL,NULL,'0000-00-00 00:00:00'),(163,16,NULL,NULL,NULL,'0000-00-00 00:00:00'),(164,16,NULL,NULL,NULL,'0000-00-00 00:00:00'),(165,16,NULL,NULL,NULL,'0000-00-00 00:00:00'),(166,16,NULL,NULL,NULL,'0000-00-00 00:00:00'),(167,16,NULL,NULL,NULL,'0000-00-00 00:00:00'),(168,16,NULL,NULL,NULL,'0000-00-00 00:00:00'),(169,16,NULL,NULL,NULL,'0000-00-00 00:00:00'),(170,16,NULL,NULL,NULL,'0000-00-00 00:00:00'),(171,16,NULL,NULL,NULL,'0000-00-00 00:00:00'),(172,16,NULL,NULL,NULL,'0000-00-00 00:00:00'),(333,16,NULL,NULL,NULL,'0000-00-00 00:00:00'),(334,16,NULL,NULL,NULL,'0000-00-00 00:00:00'),(335,16,NULL,NULL,NULL,'0000-00-00 00:00:00'),(336,16,NULL,NULL,NULL,'0000-00-00 00:00:00'),(337,16,NULL,NULL,NULL,'0000-00-00 00:00:00'),(463,16,NULL,NULL,NULL,'0000-00-00 00:00:00'),(464,16,NULL,NULL,NULL,'0000-00-00 00:00:00'),(469,16,NULL,NULL,NULL,'0000-00-00 00:00:00'),(470,16,NULL,NULL,NULL,'0000-00-00 00:00:00'),(483,16,NULL,NULL,NULL,'0000-00-00 00:00:00'),(484,16,NULL,NULL,NULL,'0000-00-00 00:00:00'),(486,16,NULL,NULL,NULL,'0000-00-00 00:00:00'),(487,16,NULL,NULL,NULL,'0000-00-00 00:00:00'),(510,16,NULL,NULL,NULL,'0000-00-00 00:00:00'),(511,16,NULL,NULL,NULL,'0000-00-00 00:00:00'),(512,16,NULL,NULL,NULL,'0000-00-00 00:00:00'),(513,16,NULL,NULL,NULL,'0000-00-00 00:00:00'),(517,16,NULL,NULL,NULL,'0000-00-00 00:00:00'),(518,16,NULL,NULL,NULL,'0000-00-00 00:00:00'),(519,16,NULL,NULL,NULL,'0000-00-00 00:00:00'),(520,16,NULL,NULL,NULL,'0000-00-00 00:00:00'),(532,16,NULL,NULL,NULL,'0000-00-00 00:00:00'),(533,16,NULL,NULL,NULL,'0000-00-00 00:00:00'),(535,16,NULL,NULL,NULL,'0000-00-00 00:00:00'),(536,16,NULL,NULL,NULL,'0000-00-00 00:00:00'),(547,16,NULL,NULL,NULL,'0000-00-00 00:00:00'),(548,16,NULL,NULL,NULL,'0000-00-00 00:00:00'),(550,16,NULL,NULL,NULL,'0000-00-00 00:00:00'),(551,16,NULL,NULL,NULL,'0000-00-00 00:00:00'),(395,6,NULL,NULL,NULL,'0000-00-00 00:00:00'),(396,6,NULL,NULL,NULL,'0000-00-00 00:00:00'),(397,6,NULL,NULL,NULL,'0000-00-00 00:00:00'),(398,6,NULL,NULL,NULL,'0000-00-00 00:00:00'),(552,6,NULL,NULL,NULL,'0000-00-00 00:00:00'),(574,6,NULL,NULL,NULL,'0000-00-00 00:00:00'),(575,6,NULL,NULL,NULL,'0000-00-00 00:00:00'),(576,6,NULL,NULL,NULL,'0000-00-00 00:00:00'),(577,6,NULL,NULL,NULL,'0000-00-00 00:00:00'),(597,6,NULL,NULL,NULL,'0000-00-00 00:00:00'),(22,6,NULL,NULL,NULL,'0000-00-00 00:00:00'),(258,6,NULL,NULL,NULL,'0000-00-00 00:00:00'),(259,6,NULL,NULL,NULL,'0000-00-00 00:00:00'),(260,6,NULL,NULL,NULL,'0000-00-00 00:00:00'),(262,6,NULL,NULL,NULL,'0000-00-00 00:00:00'),(263,6,NULL,NULL,NULL,'0000-00-00 00:00:00'),(264,6,NULL,NULL,NULL,'0000-00-00 00:00:00'),(265,6,NULL,NULL,NULL,'0000-00-00 00:00:00'),(266,6,NULL,NULL,NULL,'0000-00-00 00:00:00'),(267,6,NULL,NULL,NULL,'0000-00-00 00:00:00'),(484,6,NULL,NULL,NULL,'0000-00-00 00:00:00'),(487,6,NULL,NULL,NULL,'0000-00-00 00:00:00'),(395,21,NULL,NULL,NULL,'0000-00-00 00:00:00'),(398,21,NULL,NULL,NULL,'0000-00-00 00:00:00'),(482,21,NULL,NULL,NULL,'0000-00-00 00:00:00'),(489,21,NULL,NULL,NULL,'0000-00-00 00:00:00'),(22,21,NULL,NULL,NULL,'0000-00-00 00:00:00'),(260,21,NULL,NULL,NULL,'0000-00-00 00:00:00'),(262,21,NULL,NULL,NULL,'0000-00-00 00:00:00'),(265,21,NULL,NULL,NULL,'0000-00-00 00:00:00'),(267,21,NULL,NULL,NULL,'0000-00-00 00:00:00'),(270,21,NULL,NULL,NULL,'0000-00-00 00:00:00'),(272,21,NULL,NULL,NULL,'0000-00-00 00:00:00'),(305,21,NULL,NULL,NULL,'0000-00-00 00:00:00'),(307,21,NULL,NULL,NULL,'0000-00-00 00:00:00'),(310,21,NULL,NULL,NULL,'0000-00-00 00:00:00'),(312,21,NULL,NULL,NULL,'0000-00-00 00:00:00'),(315,21,NULL,NULL,NULL,'0000-00-00 00:00:00'),(317,21,NULL,NULL,NULL,'0000-00-00 00:00:00'),(618,1,NULL,NULL,NULL,'0000-00-00 00:00:00'),(619,1,NULL,NULL,NULL,'0000-00-00 00:00:00'),(620,1,NULL,NULL,NULL,'0000-00-00 00:00:00'),(621,1,NULL,NULL,NULL,'0000-00-00 00:00:00'),(622,1,NULL,NULL,NULL,'0000-00-00 00:00:00'),(620,1,NULL,NULL,NULL,'0000-00-00 00:00:00'),(623,1,NULL,NULL,NULL,'0000-00-00 00:00:00'),(624,1,NULL,NULL,NULL,'0000-00-00 00:00:00');
/*!40000 ALTER TABLE `aauth_perm_to_group` ENABLE KEYS */;
UNLOCK TABLES;

--
-- Table structure for table `aauth_perm_to_user`
--

DROP TABLE IF EXISTS `aauth_perm_to_user`;
/*!40101 SET @saved_cs_client     = @@character_set_client */;
/*!40101 SET character_set_client = utf8 */;
CREATE TABLE `aauth_perm_to_user` (
  `perm_id` int(10) unsigned NOT NULL,
  `user_id` int(10) unsigned NOT NULL,
  `created_by` int(11) DEFAULT NULL,
  `updated_by` int(11) DEFAULT NULL,
  `updated_at` timestamp NULL DEFAULT NULL,
  `created_at` timestamp NOT NULL DEFAULT '0000-00-00 00:00:00',
  PRIMARY KEY (`user_id`,`perm_id`),
  KEY `aauth_perm_to_user_created_by_index` (`created_by`),
  KEY `aauth_perm_to_user_updated_by_index` (`updated_by`)
) ENGINE=InnoDB DEFAULT CHARSET=utf8;
/*!40101 SET character_set_client = @saved_cs_client */;

--
-- Dumping data for table `aauth_perm_to_user`
--

LOCK TABLES `aauth_perm_to_user` WRITE;
/*!40000 ALTER TABLE `aauth_perm_to_user` DISABLE KEYS */;
/*!40000 ALTER TABLE `aauth_perm_to_user` ENABLE KEYS */;
UNLOCK TABLES;

--
-- Table structure for table `aauth_perms`
--

DROP TABLE IF EXISTS `aauth_perms`;
/*!40101 SET @saved_cs_client     = @@character_set_client */;
/*!40101 SET character_set_client = utf8 */;
CREATE TABLE `aauth_perms` (
  `id` int(10) unsigned NOT NULL AUTO_INCREMENT,
  `name` varchar(100) DEFAULT NULL,
  `definition` text,
  `created_by` int(11) DEFAULT NULL,
  `updated_by` int(11) DEFAULT NULL,
  `updated_at` timestamp NULL DEFAULT NULL,
  `created_at` timestamp NOT NULL DEFAULT '0000-00-00 00:00:00',
  PRIMARY KEY (`id`),
  KEY `aauth_perms_created_by_index` (`created_by`),
  KEY `aauth_perms_updated_by_index` (`updated_by`)
) ENGINE=InnoDB AUTO_INCREMENT=625 DEFAULT CHARSET=utf8;
/*!40101 SET character_set_client = @saved_cs_client */;

--
-- Dumping data for table `aauth_perms`
--

LOCK TABLES `aauth_perms` WRITE;
/*!40000 ALTER TABLE `aauth_perms` DISABLE KEYS */;
INSERT INTO `aauth_perms` VALUES (1,'menu_dashboard',NULL,NULL,NULL,NULL,'0000-00-00 00:00:00'),(2,'menu_crud_builder',NULL,NULL,NULL,NULL,'0000-00-00 00:00:00'),(3,'menu_api_builder',NULL,NULL,NULL,NULL,'0000-00-00 00:00:00'),(4,'menu_page_builder',NULL,NULL,NULL,NULL,'0000-00-00 00:00:00'),(5,'menu_form_builder',NULL,NULL,NULL,NULL,'0000-00-00 00:00:00'),(6,'menu_menu',NULL,NULL,NULL,NULL,'0000-00-00 00:00:00'),(7,'menu_auth',NULL,NULL,NULL,NULL,'0000-00-00 00:00:00'),(8,'menu_user',NULL,NULL,NULL,NULL,'0000-00-00 00:00:00'),(9,'menu_group',NULL,NULL,NULL,NULL,'0000-00-00 00:00:00'),(10,'menu_access',NULL,NULL,NULL,NULL,'0000-00-00 00:00:00'),(11,'menu_permission',NULL,NULL,NULL,NULL,'0000-00-00 00:00:00'),(12,'menu_api_documentation',NULL,NULL,NULL,NULL,'0000-00-00 00:00:00'),(13,'menu_web_documentation',NULL,NULL,NULL,NULL,'0000-00-00 00:00:00'),(14,'menu_settings',NULL,NULL,NULL,NULL,'0000-00-00 00:00:00'),(15,'user_list',NULL,NULL,NULL,NULL,'0000-00-00 00:00:00'),(16,'user_update_status',NULL,NULL,NULL,NULL,'0000-00-00 00:00:00'),(17,'user_export',NULL,NULL,NULL,NULL,'0000-00-00 00:00:00'),(18,'user_add',NULL,NULL,NULL,NULL,'0000-00-00 00:00:00'),(19,'user_update',NULL,NULL,NULL,NULL,'0000-00-00 00:00:00'),(20,'user_update_profile',NULL,NULL,NULL,NULL,'0000-00-00 00:00:00'),(21,'user_update_password',NULL,NULL,NULL,NULL,'0000-00-00 00:00:00'),(22,'user_profile',NULL,NULL,NULL,NULL,'0000-00-00 00:00:00'),(23,'user_view',NULL,NULL,NULL,NULL,'0000-00-00 00:00:00'),(24,'user_delete',NULL,NULL,NULL,NULL,'0000-00-00 00:00:00'),(25,'blog_list',NULL,NULL,NULL,NULL,'0000-00-00 00:00:00'),(26,'blog_export',NULL,NULL,NULL,NULL,'0000-00-00 00:00:00'),(27,'blog_add',NULL,NULL,NULL,NULL,'0000-00-00 00:00:00'),(28,'blog_update',NULL,NULL,NULL,NULL,'0000-00-00 00:00:00'),(29,'blog_view',NULL,NULL,NULL,NULL,'0000-00-00 00:00:00'),(30,'blog_delete',NULL,NULL,NULL,NULL,'0000-00-00 00:00:00'),(31,'form_list',NULL,NULL,NULL,NULL,'0000-00-00 00:00:00'),(32,'form_export',NULL,NULL,NULL,NULL,'0000-00-00 00:00:00'),(33,'form_add',NULL,NULL,NULL,NULL,'0000-00-00 00:00:00'),(34,'form_update',NULL,NULL,NULL,NULL,'0000-00-00 00:00:00'),(35,'form_view',NULL,NULL,NULL,NULL,'0000-00-00 00:00:00'),(36,'form_manage',NULL,NULL,NULL,NULL,'0000-00-00 00:00:00'),(37,'form_delete',NULL,NULL,NULL,NULL,'0000-00-00 00:00:00'),(38,'crud_list',NULL,NULL,NULL,NULL,'0000-00-00 00:00:00'),(39,'crud_export',NULL,NULL,NULL,NULL,'0000-00-00 00:00:00'),(40,'crud_add',NULL,NULL,NULL,NULL,'0000-00-00 00:00:00'),(41,'crud_update',NULL,NULL,NULL,NULL,'0000-00-00 00:00:00'),(42,'crud_view',NULL,NULL,NULL,NULL,'0000-00-00 00:00:00'),(43,'crud_delete',NULL,NULL,NULL,NULL,'0000-00-00 00:00:00'),(44,'rest_list',NULL,NULL,NULL,NULL,'0000-00-00 00:00:00'),(45,'rest_export',NULL,NULL,NULL,NULL,'0000-00-00 00:00:00'),(46,'rest_add',NULL,NULL,NULL,NULL,'0000-00-00 00:00:00'),(47,'rest_update',NULL,NULL,NULL,NULL,'0000-00-00 00:00:00'),(48,'rest_view',NULL,NULL,NULL,NULL,'0000-00-00 00:00:00'),(49,'rest_delete',NULL,NULL,NULL,NULL,'0000-00-00 00:00:00'),(50,'group_list',NULL,NULL,NULL,NULL,'0000-00-00 00:00:00'),(51,'group_export',NULL,NULL,NULL,NULL,'0000-00-00 00:00:00'),(52,'group_add',NULL,NULL,NULL,NULL,'0000-00-00 00:00:00'),(53,'group_update',NULL,NULL,NULL,NULL,'0000-00-00 00:00:00'),(54,'group_view',NULL,NULL,NULL,NULL,'0000-00-00 00:00:00'),(55,'group_delete',NULL,NULL,NULL,NULL,'0000-00-00 00:00:00'),(56,'permission_list',NULL,NULL,NULL,NULL,'0000-00-00 00:00:00'),(57,'permission_export',NULL,NULL,NULL,NULL,'0000-00-00 00:00:00'),(58,'permission_add',NULL,NULL,NULL,NULL,'0000-00-00 00:00:00'),(59,'permission_update',NULL,NULL,NULL,NULL,'0000-00-00 00:00:00'),(60,'permission_view',NULL,NULL,NULL,NULL,'0000-00-00 00:00:00'),(61,'permission_delete',NULL,NULL,NULL,NULL,'0000-00-00 00:00:00'),(62,'access_list',NULL,NULL,NULL,NULL,'0000-00-00 00:00:00'),(63,'access_add',NULL,NULL,NULL,NULL,'0000-00-00 00:00:00'),(64,'access_update',NULL,NULL,NULL,NULL,'0000-00-00 00:00:00'),(65,'menu_list',NULL,NULL,NULL,NULL,'0000-00-00 00:00:00'),(66,'menu_add',NULL,NULL,NULL,NULL,'0000-00-00 00:00:00'),(67,'menu_update',NULL,NULL,NULL,NULL,'0000-00-00 00:00:00'),(68,'menu_delete',NULL,NULL,NULL,NULL,'0000-00-00 00:00:00'),(69,'menu_save_ordering',NULL,NULL,NULL,NULL,'0000-00-00 00:00:00'),(70,'menu_type_add',NULL,NULL,NULL,NULL,'0000-00-00 00:00:00'),(71,'page_list',NULL,NULL,NULL,NULL,'0000-00-00 00:00:00'),(72,'page_export',NULL,NULL,NULL,NULL,'0000-00-00 00:00:00'),(73,'page_add',NULL,NULL,NULL,NULL,'0000-00-00 00:00:00'),(74,'page_update',NULL,NULL,NULL,NULL,'0000-00-00 00:00:00'),(75,'page_view',NULL,NULL,NULL,NULL,'0000-00-00 00:00:00'),(76,'page_delete',NULL,NULL,NULL,NULL,'0000-00-00 00:00:00'),(77,'setting',NULL,NULL,NULL,NULL,'0000-00-00 00:00:00'),(78,'setting_update',NULL,NULL,NULL,NULL,'0000-00-00 00:00:00'),(79,'dashboard',NULL,NULL,NULL,NULL,'0000-00-00 00:00:00'),(80,'extension_list',NULL,NULL,NULL,NULL,'0000-00-00 00:00:00'),(81,'extension_activate',NULL,NULL,NULL,NULL,'0000-00-00 00:00:00'),(82,'extension_deactivate',NULL,NULL,NULL,NULL,'0000-00-00 00:00:00');
/*!40000 ALTER TABLE `aauth_perms` ENABLE KEYS */;
UNLOCK TABLES;

--
-- Table structure for table `aauth_pms`
--

DROP TABLE IF EXISTS `aauth_pms`;
/*!40101 SET @saved_cs_client     = @@character_set_client */;
/*!40101 SET character_set_client = utf8 */;
CREATE TABLE `aauth_pms` (
  `id` int(10) unsigned NOT NULL AUTO_INCREMENT,
  `sender_id` int(10) unsigned NOT NULL,
  `receiver_id` int(10) unsigned NOT NULL,
  `title` varchar(225) NOT NULL,
  `message` text,
  `date_sent` datetime DEFAULT NULL,
  `date_read` datetime DEFAULT NULL,
  `pm_deleted_sender` int(11) DEFAULT NULL,
  `pm_deleted_receiver` int(11) DEFAULT NULL,
  `created_by` int(11) DEFAULT NULL,
  `updated_by` int(11) DEFAULT NULL,
  `updated_at` timestamp NULL DEFAULT NULL,
  `created_at` timestamp NOT NULL DEFAULT '0000-00-00 00:00:00',
  PRIMARY KEY (`id`),
  KEY `aauth_pms_created_by_index` (`created_by`),
  KEY `aauth_pms_updated_by_index` (`updated_by`)
) ENGINE=InnoDB DEFAULT CHARSET=utf8;
/*!40101 SET character_set_client = @saved_cs_client */;

--
-- Dumping data for table `aauth_pms`
--

LOCK TABLES `aauth_pms` WRITE;
/*!40000 ALTER TABLE `aauth_pms` DISABLE KEYS */;
/*!40000 ALTER TABLE `aauth_pms` ENABLE KEYS */;
UNLOCK TABLES;

--
-- Table structure for table `aauth_user`
--

DROP TABLE IF EXISTS `aauth_user`;
/*!40101 SET @saved_cs_client     = @@character_set_client */;
/*!40101 SET character_set_client = utf8 */;
CREATE TABLE `aauth_user` (
  `id` int(10) unsigned NOT NULL AUTO_INCREMENT,
  `name` varchar(100) DEFAULT NULL,
  `definition` text,
  `created_by` int(11) DEFAULT NULL,
  `updated_by` int(11) DEFAULT NULL,
  `updated_at` timestamp NULL DEFAULT NULL,
  `created_at` timestamp NOT NULL DEFAULT '0000-00-00 00:00:00',
  PRIMARY KEY (`id`),
  KEY `aauth_user_created_by_index` (`created_by`),
  KEY `aauth_user_updated_by_index` (`updated_by`)
) ENGINE=InnoDB DEFAULT CHARSET=utf8;
/*!40101 SET character_set_client = @saved_cs_client */;

--
-- Dumping data for table `aauth_user`
--

LOCK TABLES `aauth_user` WRITE;
/*!40000 ALTER TABLE `aauth_user` DISABLE KEYS */;
/*!40000 ALTER TABLE `aauth_user` ENABLE KEYS */;
UNLOCK TABLES;

--
-- Table structure for table `aauth_user_to_group`
--

DROP TABLE IF EXISTS `aauth_user_to_group`;
/*!40101 SET @saved_cs_client     = @@character_set_client */;
/*!40101 SET character_set_client = utf8 */;
CREATE TABLE `aauth_user_to_group` (
  `user_id` int(10) unsigned NOT NULL,
  `group_id` int(10) unsigned NOT NULL,
  `created_by` int(11) DEFAULT NULL,
  `updated_by` int(11) DEFAULT NULL,
  `updated_at` timestamp NULL DEFAULT NULL,
  `created_at` timestamp NOT NULL DEFAULT '0000-00-00 00:00:00',
  PRIMARY KEY (`user_id`,`group_id`),
  KEY `aauth_user_to_group_created_by_index` (`created_by`),
  KEY `aauth_user_to_group_updated_by_index` (`updated_by`)
) ENGINE=InnoDB DEFAULT CHARSET=utf8;
/*!40101 SET character_set_client = @saved_cs_client */;

--
-- Dumping data for table `aauth_user_to_group`
--

LOCK TABLES `aauth_user_to_group` WRITE;
/*!40000 ALTER TABLE `aauth_user_to_group` DISABLE KEYS */;
INSERT INTO `aauth_user_to_group` VALUES (1,1,NULL,NULL,NULL,'0000-00-00 00:00:00'),(1,3,NULL,NULL,NULL,'0000-00-00 00:00:00'),(2,5,NULL,NULL,NULL,'0000-00-00 00:00:00'),(3,6,NULL,NULL,NULL,'0000-00-00 00:00:00'),(3,7,NULL,NULL,NULL,'0000-00-00 00:00:00'),(3,8,NULL,NULL,NULL,'0000-00-00 00:00:00'),(3,13,NULL,NULL,NULL,'0000-00-00 00:00:00'),(3,15,NULL,NULL,NULL,'0000-00-00 00:00:00'),(4,6,NULL,NULL,NULL,'0000-00-00 00:00:00'),(4,7,NULL,NULL,NULL,'0000-00-00 00:00:00'),(5,6,NULL,NULL,NULL,'0000-00-00 00:00:00'),(5,7,NULL,NULL,NULL,'0000-00-00 00:00:00'),(5,8,NULL,NULL,NULL,'0000-00-00 00:00:00'),(5,10,NULL,NULL,NULL,'0000-00-00 00:00:00'),(5,12,NULL,NULL,NULL,'0000-00-00 00:00:00'),(5,16,NULL,NULL,NULL,'0000-00-00 00:00:00'),(6,13,NULL,NULL,NULL,'0000-00-00 00:00:00'),(6,16,NULL,NULL,NULL,'0000-00-00 00:00:00'),(6,20,NULL,NULL,NULL,'0000-00-00 00:00:00'),(7,13,NULL,NULL,NULL,'0000-00-00 00:00:00'),(8,7,NULL,NULL,NULL,'0000-00-00 00:00:00'),(9,1,NULL,NULL,NULL,'0000-00-00 00:00:00'),(10,13,NULL,NULL,NULL,'0000-00-00 00:00:00'),(11,13,NULL,NULL,NULL,'0000-00-00 00:00:00'),(11,16,NULL,NULL,NULL,'0000-00-00 00:00:00'),(12,6,NULL,NULL,NULL,'0000-00-00 00:00:00'),(12,7,NULL,NULL,NULL,'0000-00-00 00:00:00'),(12,8,NULL,NULL,NULL,'0000-00-00 00:00:00'),(12,9,NULL,NULL,NULL,'0000-00-00 00:00:00'),(12,10,NULL,NULL,NULL,'0000-00-00 00:00:00'),(12,12,NULL,NULL,NULL,'0000-00-00 00:00:00'),(12,13,NULL,NULL,NULL,'0000-00-00 00:00:00'),(12,16,NULL,NULL,NULL,'0000-00-00 00:00:00'),(13,1,NULL,NULL,NULL,'0000-00-00 00:00:00'),(13,3,NULL,NULL,NULL,'0000-00-00 00:00:00'),(14,3,NULL,NULL,NULL,'0000-00-00 00:00:00'),(14,6,NULL,NULL,NULL,'0000-00-00 00:00:00'),(14,7,NULL,NULL,NULL,'0000-00-00 00:00:00'),(14,8,NULL,NULL,NULL,'0000-00-00 00:00:00'),(14,9,NULL,NULL,NULL,'0000-00-00 00:00:00'),(14,10,NULL,NULL,NULL,'0000-00-00 00:00:00'),(14,12,NULL,NULL,NULL,'0000-00-00 00:00:00'),(14,16,NULL,NULL,NULL,'0000-00-00 00:00:00');
/*!40000 ALTER TABLE `aauth_user_to_group` ENABLE KEYS */;
UNLOCK TABLES;

--
-- Table structure for table `aauth_user_variables`
--

DROP TABLE IF EXISTS `aauth_user_variables`;
/*!40101 SET @saved_cs_client     = @@character_set_client */;
/*!40101 SET character_set_client = utf8 */;
CREATE TABLE `aauth_user_variables` (
  `id` int(10) unsigned NOT NULL AUTO_INCREMENT,
  `user_id` int(10) unsigned NOT NULL,
  `data_key` varchar(100) NOT NULL,
  `value` text,
  `created_by` int(11) DEFAULT NULL,
  `updated_by` int(11) DEFAULT NULL,
  `updated_at` timestamp NULL DEFAULT NULL,
  `created_at` timestamp NOT NULL DEFAULT '0000-00-00 00:00:00',
  PRIMARY KEY (`id`),
  KEY `aauth_user_variables_created_by_index` (`created_by`),
  KEY `aauth_user_variables_updated_by_index` (`updated_by`)
) ENGINE=InnoDB DEFAULT CHARSET=utf8;
/*!40101 SET character_set_client = @saved_cs_client */;

--
-- Dumping data for table `aauth_user_variables`
--

LOCK TABLES `aauth_user_variables` WRITE;
/*!40000 ALTER TABLE `aauth_user_variables` DISABLE KEYS */;
/*!40000 ALTER TABLE `aauth_user_variables` ENABLE KEYS */;
UNLOCK TABLES;

--
-- Table structure for table `aauth_users`
--

DROP TABLE IF EXISTS `aauth_users`;
/*!40101 SET @saved_cs_client     = @@character_set_client */;
/*!40101 SET character_set_client = utf8 */;
CREATE TABLE `aauth_users` (
  `id` int(10) unsigned NOT NULL AUTO_INCREMENT,
  `email` varchar(100) NOT NULL,
  `oauth_uid` text,
  `oauth_provider` varchar(100) DEFAULT NULL,
  `pass` varchar(64) NOT NULL,
  `username` varchar(100) NOT NULL,
  `fk_client_id` int(11) DEFAULT NULL,
  `full_name` varchar(200) NOT NULL,
  `avatar` text NOT NULL,
  `banned` tinyint(1) DEFAULT '0',
  `last_login` datetime DEFAULT NULL,
  `last_activity` datetime DEFAULT NULL,
  `date_created` datetime DEFAULT NULL,
  `forgot_exp` text,
  `remember_time` datetime DEFAULT NULL,
  `remember_exp` text,
  `verification_code` text,
  `top_secret` varchar(16) DEFAULT NULL,
  `ip_address` text,
  `created_by` int(11) DEFAULT NULL,
  `updated_by` int(11) DEFAULT NULL,
  `updated_at` timestamp NULL DEFAULT NULL,
  `created_at` timestamp NOT NULL DEFAULT '0000-00-00 00:00:00',
  PRIMARY KEY (`id`),
  KEY `aauth_users_created_by_index` (`created_by`),
  KEY `aauth_users_updated_by_index` (`updated_by`)
) ENGINE=InnoDB AUTO_INCREMENT=15 DEFAULT CHARSET=utf8;
/*!40101 SET character_set_client = @saved_cs_client */;

--
-- Dumping data for table `aauth_users`
--

LOCK TABLES `aauth_users` WRITE;
/*!40000 ALTER TABLE `aauth_users` DISABLE KEYS */;
INSERT INTO `aauth_users` VALUES (1,'admin@vipulsingh.xyz',NULL,NULL,'5340083421f3c5d068d5ecee7527fc6976300ca6b315d4179a43767971666582','admin',NULL,'admin','20181009165927-profile_icon_male.jpg',0,'2022-02-11 16:06:36','2022-02-11 16:06:36','2018-08-25 11:56:32',NULL,'2021-05-23 00:00:00','f5KBYqCQ4HlxJVPe',NULL,NULL,'132.154.116.213',NULL,1,'2021-08-03 12:59:14','0000-00-00 00:00:00'),(2,'guard@guard.com',NULL,NULL,'32c91af22bb469fa4a8297f112bdd9425f096d78bfe6e9dbdc15708e6b487885','guard',NULL,'Guard Bhai','20181009170200-face_human_blank_user_avatar_mannequin_dummy-512.png',1,'2018-09-08 14:47:16','2018-09-08 14:47:16','2018-09-05 16:36:32',NULL,NULL,NULL,NULL,NULL,'103.91.103.50',NULL,NULL,NULL,'0000-00-00 00:00:00'),(9,'manage@bitibe.com',NULL,NULL,'5340083421f3c5d068d5ecee7527fc6976300ca6b315d4179a43767971666582','System',NULL,'Management','20181010112655-m-logo.png',0,'2018-09-26 11:00:55','2018-09-26 11:00:55','2018-08-25 11:56:32',NULL,NULL,NULL,NULL,NULL,'192.168.0.106',NULL,NULL,NULL,'0000-00-00 00:00:00'),(13,'reject@akinternational.net',NULL,NULL,'2108991a70aae0a6c78220bdb0687073c60bb1def7aa8431f5c3209ba25ccf86','Rejected',NULL,'Reject Material','20181015131315-giant-quality-control-wall-sign-rejected-4231d-lg.jpg',0,'2018-10-15 16:56:56','2018-10-15 16:56:56','2018-10-15 13:13:15',NULL,NULL,NULL,NULL,NULL,'192.168.0.101',NULL,NULL,NULL,'0000-00-00 00:00:00');
/*!40000 ALTER TABLE `aauth_users` ENABLE KEYS */;
UNLOCK TABLES;

--
-- Table structure for table `blog`
--

DROP TABLE IF EXISTS `blog`;
/*!40101 SET @saved_cs_client     = @@character_set_client */;
/*!40101 SET character_set_client = utf8 */;
CREATE TABLE `blog` (
  `id` int(10) unsigned NOT NULL AUTO_INCREMENT,
  `title` varchar(200) NOT NULL,
  `content` text NOT NULL,
  `image` text NOT NULL,
  `category` varchar(200) NOT NULL,
  `created_at` datetime NOT NULL,
  `created_by` int(11) DEFAULT NULL,
  `updated_by` int(11) DEFAULT NULL,
  `updated_at` timestamp NULL DEFAULT NULL,
  PRIMARY KEY (`id`),
  KEY `blog_created_by_index` (`created_by`),
  KEY `blog_updated_by_index` (`updated_by`)
) ENGINE=InnoDB DEFAULT CHARSET=utf8;
/*!40101 SET character_set_client = @saved_cs_client */;

--
-- Dumping data for table `blog`
--

LOCK TABLES `blog` WRITE;
/*!40000 ALTER TABLE `blog` DISABLE KEYS */;
/*!40000 ALTER TABLE `blog` ENABLE KEYS */;
UNLOCK TABLES;

--
-- Table structure for table `blog_category`
--

DROP TABLE IF EXISTS `blog_category`;
/*!40101 SET @saved_cs_client     = @@character_set_client */;
/*!40101 SET character_set_client = utf8 */;
CREATE TABLE `blog_category` (
  `category_id` int(10) unsigned NOT NULL AUTO_INCREMENT,
  `category_name` varchar(200) NOT NULL,
  `category_desc` text NOT NULL,
  `created_by` int(11) DEFAULT NULL,
  `updated_by` int(11) DEFAULT NULL,
  `updated_at` timestamp NULL DEFAULT NULL,
  `created_at` timestamp NOT NULL DEFAULT '0000-00-00 00:00:00',
  PRIMARY KEY (`category_id`),
  KEY `blog_category_created_by_index` (`created_by`),
  KEY `blog_category_updated_by_index` (`updated_by`)
) ENGINE=InnoDB AUTO_INCREMENT=3 DEFAULT CHARSET=utf8;
/*!40101 SET character_set_client = @saved_cs_client */;

--
-- Dumping data for table `blog_category`
--

LOCK TABLES `blog_category` WRITE;
/*!40000 ALTER TABLE `blog_category` DISABLE KEYS */;
INSERT INTO `blog_category` VALUES (1,'Technology','',NULL,NULL,NULL,'0000-00-00 00:00:00'),(2,'1,2','xscscsc',NULL,NULL,NULL,'0000-00-00 00:00:00');
/*!40000 ALTER TABLE `blog_category` ENABLE KEYS */;
UNLOCK TABLES;

--
-- Table structure for table `captcha`
--

DROP TABLE IF EXISTS `captcha`;
/*!40101 SET @saved_cs_client     = @@character_set_client */;
/*!40101 SET character_set_client = utf8 */;
CREATE TABLE `captcha` (
  `captcha_id` int(10) unsigned NOT NULL AUTO_INCREMENT,
  `captcha_time` int(11) DEFAULT NULL,
  `ip_address` varchar(45) NOT NULL,
  `word` varchar(20) NOT NULL,
  `created_by` int(11) DEFAULT NULL,
  `updated_by` int(11) DEFAULT NULL,
  `updated_at` timestamp NULL DEFAULT NULL,
  `created_at` timestamp NOT NULL DEFAULT '0000-00-00 00:00:00',
  PRIMARY KEY (`captcha_id`),
  KEY `captcha_created_by_index` (`created_by`),
  KEY `captcha_updated_by_index` (`updated_by`)
) ENGINE=InnoDB DEFAULT CHARSET=utf8;
/*!40101 SET character_set_client = @saved_cs_client */;

--
-- Dumping data for table `captcha`
--

LOCK TABLES `captcha` WRITE;
/*!40000 ALTER TABLE `captcha` DISABLE KEYS */;
/*!40000 ALTER TABLE `captcha` ENABLE KEYS */;
UNLOCK TABLES;

--
-- Table structure for table `cc_options`
--

DROP TABLE IF EXISTS `cc_options`;
/*!40101 SET @saved_cs_client     = @@character_set_client */;
/*!40101 SET character_set_client = utf8 */;
CREATE TABLE `cc_options` (
  `id` int(10) unsigned NOT NULL AUTO_INCREMENT,
  `option_name` varchar(200) NOT NULL,
  `option_value` text,
  `created_by` int(11) DEFAULT NULL,
  `updated_by` int(11) DEFAULT NULL,
  `updated_at` timestamp NULL DEFAULT NULL,
  `created_at` timestamp NOT NULL DEFAULT '0000-00-00 00:00:00',
  PRIMARY KEY (`id`),
  KEY `cc_options_created_by_index` (`created_by`),
  KEY `cc_options_updated_by_index` (`updated_by`)
) ENGINE=InnoDB AUTO_INCREMENT=15 DEFAULT CHARSET=utf8;
/*!40101 SET character_set_client = @saved_cs_client */;

--
-- Dumping data for table `cc_options`
--

LOCK TABLES `cc_options` WRITE;
/*!40000 ALTER TABLE `cc_options` DISABLE KEYS */;
INSERT INTO `cc_options` VALUES (1,'active_theme','cicool',NULL,NULL,NULL,'0000-00-00 00:00:00'),(2,'favicon','default.png',NULL,NULL,NULL,'0000-00-00 00:00:00'),(3,'site_name','Company Name',NULL,NULL,NULL,'0000-00-00 00:00:00'),(4,'auto_process','YES',NULL,NULL,NULL,'0000-00-00 00:00:00'),(5,'location_track','NO',NULL,NULL,NULL,'0000-00-00 00:00:00'),(6,'consumption_only_department','YES',NULL,NULL,NULL,'0000-00-00 00:00:00'),(7,'email','admin@vipulsingh.xyz',NULL,NULL,NULL,'0000-00-00 00:00:00'),(8,'author','',NULL,NULL,NULL,'0000-00-00 00:00:00'),(9,'site_description','',NULL,NULL,NULL,'0000-00-00 00:00:00'),(10,'keywords','',NULL,NULL,NULL,'0000-00-00 00:00:00'),(11,'landing_page_id','default',NULL,NULL,NULL,'0000-00-00 00:00:00'),(12,'timezone','Asia/Kolkata',NULL,NULL,NULL,'0000-00-00 00:00:00'),(13,'google_id','',NULL,NULL,NULL,'0000-00-00 00:00:00'),(14,'google_secret','',NULL,NULL,NULL,'0000-00-00 00:00:00');
/*!40000 ALTER TABLE `cc_options` ENABLE KEYS */;
UNLOCK TABLES;

--
-- Table structure for table `cc_session`
--

DROP TABLE IF EXISTS `cc_session`;
/*!40101 SET @saved_cs_client     = @@character_set_client */;
/*!40101 SET character_set_client = utf8 */;
CREATE TABLE `cc_session` (
  `id` int(11) NOT NULL,
  `ip_address` varchar(45) NOT NULL,
  `timestamp` int(11) NOT NULL,
  `data` blob NOT NULL,
  `created_by` int(11) DEFAULT NULL,
  `updated_by` int(11) DEFAULT NULL,
  `updated_at` timestamp NULL DEFAULT NULL,
  `created_at` timestamp NOT NULL DEFAULT '0000-00-00 00:00:00',
  KEY `cc_session_created_by_index` (`created_by`),
  KEY `cc_session_updated_by_index` (`updated_by`)
) ENGINE=InnoDB DEFAULT CHARSET=utf8;
/*!40101 SET character_set_client = @saved_cs_client */;

--
-- Dumping data for table `cc_session`
--

LOCK TABLES `cc_session` WRITE;
/*!40000 ALTER TABLE `cc_session` DISABLE KEYS */;
/*!40000 ALTER TABLE `cc_session` ENABLE KEYS */;
UNLOCK TABLES;

--
-- Table structure for table `crud`
--

DROP TABLE IF EXISTS `crud`;
/*!40101 SET @saved_cs_client     = @@character_set_client */;
/*!40101 SET character_set_client = utf8 */;
CREATE TABLE `crud` (
  `id` int(10) unsigned NOT NULL AUTO_INCREMENT,
  `title` varchar(200) NOT NULL,
  `subject` varchar(200) NOT NULL,
  `table_name` varchar(200) NOT NULL,
  `primary_key` varchar(200) DEFAULT NULL,
  `page_read` varchar(20) DEFAULT NULL,
  `page_create` varchar(20) DEFAULT NULL,
  `page_update` varchar(20) DEFAULT NULL,
  `redirect_add` varchar(1024) DEFAULT NULL,
  `redirect_update` varchar(1024) DEFAULT NULL,
  `created_by` int(11) DEFAULT NULL,
  `updated_by` int(11) DEFAULT NULL,
  `updated_at` timestamp NULL DEFAULT NULL,
  `created_at` timestamp NOT NULL DEFAULT '0000-00-00 00:00:00',
  PRIMARY KEY (`id`),
  KEY `crud_created_by_index` (`created_by`),
  KEY `crud_updated_by_index` (`updated_by`)
) ENGINE=InnoDB AUTO_INCREMENT=101 DEFAULT CHARSET=utf8;
/*!40101 SET character_set_client = @saved_cs_client */;

--
-- Dumping data for table `crud`
--

LOCK TABLES `crud` WRITE;
/*!40000 ALTER TABLE `crud` DISABLE KEYS */;
/*!40000 ALTER TABLE `crud` ENABLE KEYS */;
UNLOCK TABLES;

--
-- Table structure for table `crud_custom_option`
--

DROP TABLE IF EXISTS `crud_custom_option`;
/*!40101 SET @saved_cs_client     = @@character_set_client */;
/*!40101 SET character_set_client = utf8 */;
CREATE TABLE `crud_custom_option` (
  `id` int(10) unsigned NOT NULL AUTO_INCREMENT,
  `crud_field_id` int(11) NOT NULL,
  `crud_id` int(11) NOT NULL,
  `option_value` text NOT NULL,
  `option_label` text NOT NULL,
  `created_by` int(11) DEFAULT NULL,
  `updated_by` int(11) DEFAULT NULL,
  `updated_at` timestamp NULL DEFAULT NULL,
  `created_at` timestamp NOT NULL DEFAULT '0000-00-00 00:00:00',
  PRIMARY KEY (`id`),
  KEY `crud_custom_option_created_by_index` (`created_by`),
  KEY `crud_custom_option_updated_by_index` (`updated_by`)
) ENGINE=InnoDB AUTO_INCREMENT=132 DEFAULT CHARSET=utf8;
/*!40101 SET character_set_client = @saved_cs_client */;

--
-- Dumping data for table `crud_custom_option`
--

LOCK TABLES `crud_custom_option` WRITE;
/*!40000 ALTER TABLE `crud_custom_option` DISABLE KEYS */;
/*!40000 ALTER TABLE `crud_custom_option` ENABLE KEYS */;
UNLOCK TABLES;

--
-- Table structure for table `crud_field`
--

DROP TABLE IF EXISTS `crud_field`;
/*!40101 SET @saved_cs_client     = @@character_set_client */;
/*!40101 SET character_set_client = utf8 */;
CREATE TABLE `crud_field` (
  `id` int(10) unsigned NOT NULL AUTO_INCREMENT,
  `crud_id` int(11) NOT NULL,
  `field_name` varchar(200) NOT NULL,
  `field_label` varchar(200) DEFAULT NULL,
  `input_type` varchar(200) NOT NULL,
  `show_column` varchar(10) DEFAULT NULL,
  `show_add_form` varchar(10) DEFAULT NULL,
  `show_update_form` varchar(10) DEFAULT NULL,
  `show_detail_page` varchar(10) DEFAULT NULL,
  `sort` int(11) NOT NULL,
  `relation_table` varchar(200) DEFAULT NULL,
  `relation_value` varchar(200) DEFAULT NULL,
  `relation_label` varchar(200) DEFAULT NULL,
  `field_filterable` varchar(20) DEFAULT NULL,
  `field_exportable` varchar(20) NOT NULL,
  `created_by` int(11) DEFAULT NULL,
  `updated_by` int(11) DEFAULT NULL,
  `updated_at` timestamp NULL DEFAULT NULL,
  `created_at` timestamp NOT NULL DEFAULT '0000-00-00 00:00:00',
  PRIMARY KEY (`id`),
  KEY `crud_field_created_by_index` (`created_by`),
  KEY `crud_field_updated_by_index` (`updated_by`)
) ENGINE=InnoDB AUTO_INCREMENT=1974 DEFAULT CHARSET=utf8;
/*!40101 SET character_set_client = @saved_cs_client */;

--
-- Dumping data for table `crud_field`
--

LOCK TABLES `crud_field` WRITE;
/*!40000 ALTER TABLE `crud_field` DISABLE KEYS */;
INSERT INTO `crud_field` VALUES (1,1,'attribute_id','attribute_id','input','','','','yes',1,'','','',NULL,'',NULL,NULL,NULL,'0000-00-00 00:00:00'),(2,1,'attribute_name','attribute_name','input','yes','yes','yes','yes',2,'','','',NULL,'',NULL,NULL,NULL,'0000-00-00 00:00:00'),(3,1,'attribute_type','attribute_type','input','yes','yes','yes','yes',3,'','','',NULL,'',NULL,NULL,NULL,'0000-00-00 00:00:00'),(4,2,'employee_id','employee_id','input','','','','yes',1,'','','',NULL,'',NULL,NULL,NULL,'0000-00-00 00:00:00'),(5,2,'employee_name','employee_name','input','yes','yes','yes','yes',2,'','','',NULL,'',NULL,NULL,NULL,'0000-00-00 00:00:00'),(6,2,'employee_address','employee_address','input','yes','yes','yes','yes',3,'','','',NULL,'',NULL,NULL,NULL,'0000-00-00 00:00:00'),(7,2,'fk_employee_department_id','fk_employee_department_id','input','yes','yes','yes','yes',4,'','','',NULL,'',NULL,NULL,NULL,'0000-00-00 00:00:00'),(8,2,'fk_employee_designation_id','fk_employee_designation_id','input','yes','yes','yes','yes',5,'','','',NULL,'',NULL,NULL,NULL,'0000-00-00 00:00:00'),(9,2,'fk_login_user_id','fk_login_user_id','input','yes','yes','yes','yes',6,'','','',NULL,'',NULL,NULL,NULL,'0000-00-00 00:00:00'),(10,3,'attribute_id','attribute_id','input','','','','yes',1,'','','',NULL,'',NULL,NULL,NULL,'0000-00-00 00:00:00'),(11,3,'attribute_name','attribute_name','input','yes','yes','yes','yes',2,'','','',NULL,'',NULL,NULL,NULL,'0000-00-00 00:00:00'),(12,3,'attribute_type','attribute_type','input','yes','yes','yes','yes',3,'','','',NULL,'',NULL,NULL,NULL,'0000-00-00 00:00:00'),(16,4,'product_attribute_detail_id','product_attribute_detail_id','input','','','','yes',1,'','','',NULL,'',NULL,NULL,NULL,'0000-00-00 00:00:00'),(17,4,'fk_product_id','fk_product_id','select','yes','yes','yes','yes',2,'product_master','product_master_id','product_name',NULL,'',NULL,NULL,NULL,'0000-00-00 00:00:00'),(18,4,'fk_attribute_mapping','fk_attribute_mapping','select','yes','yes','yes','yes',3,'attribute_master','attribute_id','attribute_name',NULL,'',NULL,NULL,NULL,'0000-00-00 00:00:00'),(19,5,'department_id','department_id','input','','','','yes',1,'','','',NULL,'',NULL,NULL,NULL,'0000-00-00 00:00:00'),(20,5,'department_name','department_name','input','yes','yes','yes','yes',2,'','','',NULL,'',NULL,NULL,NULL,'0000-00-00 00:00:00'),(23,7,'employee_id','employee_id','input','','','','yes',1,'','','',NULL,'',NULL,NULL,NULL,'0000-00-00 00:00:00'),(24,7,'employee_name','employee_name','input','yes','yes','yes','yes',2,'','','',NULL,'',NULL,NULL,NULL,'0000-00-00 00:00:00'),(25,7,'employee_address','employee_address','input','yes','yes','yes','yes',3,'','','',NULL,'',NULL,NULL,NULL,'0000-00-00 00:00:00'),(26,7,'fk_employee_department_id','employee_department','select','yes','yes','yes','yes',4,'department_master','department_id','department_name',NULL,'',NULL,NULL,NULL,'0000-00-00 00:00:00'),(27,7,'fk_employee_designation_id','employee_designation','select','yes','yes','yes','yes',5,'designation_master','designation_id','designation_name',NULL,'',NULL,NULL,NULL,'0000-00-00 00:00:00'),(28,7,'fk_login_user_id','login_username','select','yes','yes','yes','yes',6,'aauth_users','id','username',NULL,'',NULL,NULL,NULL,'0000-00-00 00:00:00'),(47,6,'designation_id','designation_id','input','','','','yes',1,'','','',NULL,'',NULL,NULL,NULL,'0000-00-00 00:00:00'),(48,6,'designation_name','designation_name','input','yes','yes','yes','yes',2,'','','',NULL,'',NULL,NULL,NULL,'0000-00-00 00:00:00'),(49,6,'fk_department_id','department_name','select','yes','yes','yes','yes',3,'department_master','department_id','department_name',NULL,'',NULL,NULL,NULL,'0000-00-00 00:00:00'),(1406,22,'wo_master_id','wo_master_id','input','','','','yes',1,'','','',NULL,'',NULL,NULL,NULL,'0000-00-00 00:00:00'),(1407,22,'fk_client_id','Client','select','yes','yes','yes','yes',2,'client_master','client_id','client_name',NULL,'',NULL,NULL,NULL,'0000-00-00 00:00:00'),(1408,22,'date','date','date','yes','yes','yes','yes',4,'','','',NULL,'',NULL,NULL,NULL,'0000-00-00 00:00:00'),(1409,22,'due_date','due_date','date','yes','yes','yes','yes',5,'','','',NULL,'',NULL,NULL,NULL,'0000-00-00 00:00:00'),(1410,22,'ref_no','ref_no','input','yes','yes','yes','yes',6,'','','',NULL,'',NULL,NULL,NULL,'0000-00-00 00:00:00'),(1502,66,'0','Product Name','input','yes','yes','yes','yes',1,'','','',NULL,'',NULL,NULL,NULL,'0000-00-00 00:00:00'),(1503,66,'0','Product Id','input','yes','yes','yes','yes',2,'','','',NULL,'',NULL,NULL,NULL,'0000-00-00 00:00:00'),(1504,66,'Company','Company','input','yes','yes','yes','yes',3,'','','',NULL,'',NULL,NULL,NULL,'0000-00-00 00:00:00'),(1505,66,'per_load_cycle_value','per_load_cycle_value','input','yes','yes','yes','yes',4,'','','',NULL,'',NULL,NULL,NULL,'0000-00-00 00:00:00'),(1506,66,'0','Total Inhouse Stock','input','yes','yes','yes','yes',5,'','','',NULL,'',NULL,NULL,NULL,'0000-00-00 00:00:00'),(1592,67,'Company','Company','input','yes','yes','yes','yes',1,'','','',NULL,'',NULL,NULL,NULL,'0000-00-00 00:00:00'),(1593,67,'per_load_cycle_value','per_load_cycle_value','input','yes','yes','yes','yes',2,'','','',NULL,'',NULL,NULL,NULL,'0000-00-00 00:00:00'),(1594,67,'0','Product Name','input','yes','yes','yes','yes',3,'','','',NULL,'',NULL,NULL,NULL,'0000-00-00 00:00:00'),(1595,67,'0','Product Id','input','yes','yes','yes','yes',4,'','','',NULL,'',NULL,NULL,NULL,'0000-00-00 00:00:00'),(1596,67,'0','Total Inhouse Stock','input','yes','yes','yes','yes',5,'','','',NULL,'',NULL,NULL,NULL,'0000-00-00 00:00:00'),(1597,67,'0','Product Name','input','yes','yes','yes','yes',6,'','','',NULL,'',NULL,NULL,NULL,'0000-00-00 00:00:00'),(1598,67,'0','Product Id','input','yes','yes','yes','yes',7,'','','',NULL,'',NULL,NULL,NULL,'0000-00-00 00:00:00'),(1599,67,'0','Total Inhouse Stock','input','yes','yes','yes','yes',8,'','','',NULL,'',NULL,NULL,NULL,'0000-00-00 00:00:00'),(1600,67,'0','Product Name','input','yes','yes','yes','yes',9,'','','',NULL,'',NULL,NULL,NULL,'0000-00-00 00:00:00'),(1601,67,'0','Product Id','input','yes','yes','yes','yes',10,'','','',NULL,'',NULL,NULL,NULL,'0000-00-00 00:00:00'),(1602,67,'0','Total Inhouse Stock','input','yes','yes','yes','yes',11,'','','',NULL,'',NULL,NULL,NULL,'0000-00-00 00:00:00'),(1618,69,'challan_id','challan_id','input','yes','yes','yes','yes',1,'','','',NULL,'',NULL,NULL,NULL,'0000-00-00 00:00:00'),(1619,69,'challan_number','challan_number','input','yes','yes','yes','yes',2,'','','',NULL,'',NULL,NULL,NULL,'0000-00-00 00:00:00'),(1620,69,'fk_product_master_id','fk_product_master_id','input','yes','yes','yes','yes',3,'','','',NULL,'',NULL,NULL,NULL,'0000-00-00 00:00:00'),(1621,69,'quantity_remaining','quantity_remaining','input','yes','yes','yes','yes',4,'','','',NULL,'',NULL,NULL,NULL,'0000-00-00 00:00:00'),(1622,69,'fk_client_id','fk_client_id','input','yes','yes','yes','yes',5,'','','',NULL,'',NULL,NULL,NULL,'0000-00-00 00:00:00'),(1623,70,'challan_id','challan_id','input','yes','yes','yes','yes',1,'','','',NULL,'',NULL,NULL,NULL,'0000-00-00 00:00:00'),(1624,70,'challan_number','challan_number','input','yes','yes','yes','yes',2,'','','',NULL,'',NULL,NULL,NULL,'0000-00-00 00:00:00'),(1625,70,'product_name','product_name','input','yes','yes','yes','yes',3,'','','',NULL,'',NULL,NULL,NULL,'0000-00-00 00:00:00'),(1626,70,'process_name','process_name','input','yes','yes','yes','yes',4,'','','',NULL,'',NULL,NULL,NULL,'0000-00-00 00:00:00'),(1627,70,'quantity_remaining','quantity_remaining','input','yes','yes','yes','yes',5,'','','',NULL,'',NULL,NULL,NULL,'0000-00-00 00:00:00'),(1628,70,'CLIENT','CLIENT','input','yes','yes','yes','yes',6,'','','',NULL,'',NULL,NULL,NULL,'0000-00-00 00:00:00'),(1832,77,'DATE','DATE','date','yes','yes','yes','yes',1,'','','',NULL,'',NULL,NULL,NULL,'0000-00-00 00:00:00'),(1833,77,'COMPANY','COMPANY','input','yes','yes','yes','yes',2,'','','',NULL,'',NULL,NULL,NULL,'0000-00-00 00:00:00'),(1834,77,'product_name','product_name','input','yes','yes','yes','yes',3,'','','',NULL,'',NULL,NULL,NULL,'0000-00-00 00:00:00'),(1835,77,'quantity','quantity','input','yes','yes','yes','yes',4,'','','',NULL,'',NULL,NULL,NULL,'0000-00-00 00:00:00'),(1836,77,'TYPE','TYPE','input','yes','yes','yes','yes',5,'','','',NULL,'',NULL,NULL,NULL,'0000-00-00 00:00:00'),(1837,77,'0','CHALLAN NUMBER','input','yes','yes','yes','yes',6,'','','',NULL,'',NULL,NULL,NULL,'0000-00-00 00:00:00'),(1838,77,'0','CHALLAN NUMBER','input','yes','yes','yes','yes',7,'','','',NULL,'',NULL,NULL,NULL,'0000-00-00 00:00:00'),(1839,78,'DATE','DATE','date','yes','yes','yes','yes',1,'','','',NULL,'',NULL,NULL,NULL,'0000-00-00 00:00:00'),(1840,78,'COMPANY','COMPANY','input','yes','yes','yes','yes',2,'','','',NULL,'',NULL,NULL,NULL,'0000-00-00 00:00:00'),(1841,78,'product_name','product_name','input','yes','yes','yes','yes',3,'','','',NULL,'',NULL,NULL,NULL,'0000-00-00 00:00:00'),(1842,78,'quantity','quantity','input','yes','yes','yes','yes',4,'','','',NULL,'',NULL,NULL,NULL,'0000-00-00 00:00:00'),(1843,78,'TYPE','TYPE','input','yes','yes','yes','yes',5,'','','',NULL,'',NULL,NULL,NULL,'0000-00-00 00:00:00'),(1844,78,'CHALLAN_NUMBER','CHALLAN_NUMBER','input','yes','yes','yes','yes',6,'','','',NULL,'',NULL,NULL,NULL,'0000-00-00 00:00:00'),(1882,85,'product_name','product_name','input','yes','yes','yes','yes',1,'','','',NULL,'',NULL,NULL,NULL,'0000-00-00 00:00:00');
/*!40000 ALTER TABLE `crud_field` ENABLE KEYS */;
UNLOCK TABLES;

--
-- Table structure for table `crud_field_validation`
--

DROP TABLE IF EXISTS `crud_field_validation`;
/*!40101 SET @saved_cs_client     = @@character_set_client */;
/*!40101 SET character_set_client = utf8 */;
CREATE TABLE `crud_field_validation` (
  `id` int(10) unsigned NOT NULL AUTO_INCREMENT,
  `crud_field_id` int(11) NOT NULL,
  `crud_id` int(11) NOT NULL,
  `validation_name` varchar(200) NOT NULL,
  `validation_value` text NOT NULL,
  `created_by` int(11) DEFAULT NULL,
  `updated_by` int(11) DEFAULT NULL,
  `updated_at` timestamp NULL DEFAULT NULL,
  `created_at` timestamp NOT NULL DEFAULT '0000-00-00 00:00:00',
  PRIMARY KEY (`id`),
  KEY `crud_field_validation_created_by_index` (`created_by`),
  KEY `crud_field_validation_updated_by_index` (`updated_by`)
) ENGINE=InnoDB AUTO_INCREMENT=2805 DEFAULT CHARSET=utf8;
/*!40101 SET character_set_client = @saved_cs_client */;

--
-- Dumping data for table `crud_field_validation`
--

LOCK TABLES `crud_field_validation` WRITE;
/*!40000 ALTER TABLE `crud_field_validation` DISABLE KEYS */;
INSERT INTO `crud_field_validation` VALUES (1,2,1,'required','',NULL,NULL,NULL,'0000-00-00 00:00:00'),(2,2,1,'max_length','100',NULL,NULL,NULL,'0000-00-00 00:00:00'),(3,3,1,'required','',NULL,NULL,NULL,'0000-00-00 00:00:00'),(4,3,1,'max_length','100',NULL,NULL,NULL,'0000-00-00 00:00:00'),(5,4,2,'in_list','12,13,14',NULL,NULL,NULL,'0000-00-00 00:00:00'),(6,5,2,'required','',NULL,NULL,NULL,'0000-00-00 00:00:00'),(7,5,2,'max_length','100',NULL,NULL,NULL,'0000-00-00 00:00:00'),(8,6,2,'required','',NULL,NULL,NULL,'0000-00-00 00:00:00'),(9,6,2,'max_length','1000',NULL,NULL,NULL,'0000-00-00 00:00:00'),(10,7,2,'required','',NULL,NULL,NULL,'0000-00-00 00:00:00'),(11,7,2,'max_length','20',NULL,NULL,NULL,'0000-00-00 00:00:00'),(12,8,2,'required','',NULL,NULL,NULL,'0000-00-00 00:00:00'),(13,8,2,'max_length','20',NULL,NULL,NULL,'0000-00-00 00:00:00'),(14,9,2,'required','',NULL,NULL,NULL,'0000-00-00 00:00:00'),(15,9,2,'max_length','20',NULL,NULL,NULL,'0000-00-00 00:00:00'),(16,11,3,'required','',NULL,NULL,NULL,'0000-00-00 00:00:00'),(17,11,3,'max_length','100',NULL,NULL,NULL,'0000-00-00 00:00:00'),(18,12,3,'required','',NULL,NULL,NULL,'0000-00-00 00:00:00'),(19,12,3,'max_length','100',NULL,NULL,NULL,'0000-00-00 00:00:00'),(24,17,4,'required','',NULL,NULL,NULL,'0000-00-00 00:00:00'),(25,17,4,'max_length','20',NULL,NULL,NULL,'0000-00-00 00:00:00'),(26,18,4,'required','',NULL,NULL,NULL,'0000-00-00 00:00:00'),(27,18,4,'max_length','20',NULL,NULL,NULL,'0000-00-00 00:00:00'),(28,20,5,'required','',NULL,NULL,NULL,'0000-00-00 00:00:00'),(29,20,5,'max_length','100',NULL,NULL,NULL,'0000-00-00 00:00:00'),(32,24,7,'required','',NULL,NULL,NULL,'0000-00-00 00:00:00'),(33,24,7,'max_length','100',NULL,NULL,NULL,'0000-00-00 00:00:00'),(34,25,7,'required','',NULL,NULL,NULL,'0000-00-00 00:00:00'),(35,25,7,'max_length','1000',NULL,NULL,NULL,'0000-00-00 00:00:00'),(36,26,7,'required','',NULL,NULL,NULL,'0000-00-00 00:00:00'),(37,26,7,'max_length','20',NULL,NULL,NULL,'0000-00-00 00:00:00'),(38,27,7,'required','',NULL,NULL,NULL,'0000-00-00 00:00:00'),(39,27,7,'max_length','20',NULL,NULL,NULL,'0000-00-00 00:00:00'),(40,28,7,'required','',NULL,NULL,NULL,'0000-00-00 00:00:00'),(41,28,7,'max_length','20',NULL,NULL,NULL,'0000-00-00 00:00:00'),(60,48,6,'required','',NULL,NULL,NULL,'0000-00-00 00:00:00'),(61,48,6,'max_length','100',NULL,NULL,NULL,'0000-00-00 00:00:00'),(62,49,6,'required','',NULL,NULL,NULL,'0000-00-00 00:00:00'),(2078,1407,22,'required','',NULL,NULL,NULL,'0000-00-00 00:00:00'),(2079,1407,22,'max_length','20',NULL,NULL,NULL,'0000-00-00 00:00:00'),(2080,1408,22,'required','',NULL,NULL,NULL,'0000-00-00 00:00:00'),(2081,1408,22,'valid_date','',NULL,NULL,NULL,'0000-00-00 00:00:00'),(2082,1409,22,'valid_date','',NULL,NULL,NULL,'0000-00-00 00:00:00'),(2083,1410,22,'max_length','100',NULL,NULL,NULL,'0000-00-00 00:00:00'),(2243,1502,66,'required','',NULL,NULL,NULL,'0000-00-00 00:00:00'),(2244,1502,66,'max_length','100',NULL,NULL,NULL,'0000-00-00 00:00:00'),(2245,1503,66,'required','',NULL,NULL,NULL,'0000-00-00 00:00:00'),(2246,1503,66,'max_length','20',NULL,NULL,NULL,'0000-00-00 00:00:00'),(2247,1504,66,'required','',NULL,NULL,NULL,'0000-00-00 00:00:00'),(2248,1504,66,'max_length','100',NULL,NULL,NULL,'0000-00-00 00:00:00'),(2249,1505,66,'required','',NULL,NULL,NULL,'0000-00-00 00:00:00'),(2250,1505,66,'max_length','11',NULL,NULL,NULL,'0000-00-00 00:00:00'),(2251,1506,66,'required','',NULL,NULL,NULL,'0000-00-00 00:00:00'),(2328,1592,67,'required','',NULL,NULL,NULL,'0000-00-00 00:00:00'),(2329,1592,67,'max_length','100',NULL,NULL,NULL,'0000-00-00 00:00:00'),(2330,1593,67,'required','',NULL,NULL,NULL,'0000-00-00 00:00:00'),(2331,1593,67,'max_length','11',NULL,NULL,NULL,'0000-00-00 00:00:00'),(2359,1618,69,'required','',NULL,NULL,NULL,'0000-00-00 00:00:00'),(2360,1618,69,'max_length','20',NULL,NULL,NULL,'0000-00-00 00:00:00'),(2361,1619,69,'required','',NULL,NULL,NULL,'0000-00-00 00:00:00'),(2362,1619,69,'max_length','100',NULL,NULL,NULL,'0000-00-00 00:00:00'),(2363,1620,69,'required','',NULL,NULL,NULL,'0000-00-00 00:00:00'),(2364,1620,69,'max_length','20',NULL,NULL,NULL,'0000-00-00 00:00:00'),(2365,1621,69,'required','',NULL,NULL,NULL,'0000-00-00 00:00:00'),(2366,1622,69,'required','',NULL,NULL,NULL,'0000-00-00 00:00:00'),(2367,1622,69,'max_length','20',NULL,NULL,NULL,'0000-00-00 00:00:00'),(2368,1623,70,'required','',NULL,NULL,NULL,'0000-00-00 00:00:00'),(2369,1623,70,'max_length','20',NULL,NULL,NULL,'0000-00-00 00:00:00'),(2370,1624,70,'required','',NULL,NULL,NULL,'0000-00-00 00:00:00'),(2371,1624,70,'max_length','100',NULL,NULL,NULL,'0000-00-00 00:00:00'),(2372,1625,70,'required','',NULL,NULL,NULL,'0000-00-00 00:00:00'),(2373,1625,70,'max_length','100',NULL,NULL,NULL,'0000-00-00 00:00:00'),(2374,1626,70,'required','',NULL,NULL,NULL,'0000-00-00 00:00:00'),(2375,1626,70,'max_length','100',NULL,NULL,NULL,'0000-00-00 00:00:00'),(2376,1627,70,'required','',NULL,NULL,NULL,'0000-00-00 00:00:00'),(2377,1628,70,'required','',NULL,NULL,NULL,'0000-00-00 00:00:00'),(2378,1628,70,'max_length','100',NULL,NULL,NULL,'0000-00-00 00:00:00'),(2661,1832,77,'required','',NULL,NULL,NULL,'0000-00-00 00:00:00'),(2662,1833,77,'required','',NULL,NULL,NULL,'0000-00-00 00:00:00'),(2663,1833,77,'max_length','100',NULL,NULL,NULL,'0000-00-00 00:00:00'),(2664,1834,77,'required','',NULL,NULL,NULL,'0000-00-00 00:00:00'),(2665,1834,77,'max_length','100',NULL,NULL,NULL,'0000-00-00 00:00:00'),(2666,1835,77,'required','',NULL,NULL,NULL,'0000-00-00 00:00:00'),(2667,1836,77,'required','',NULL,NULL,NULL,'0000-00-00 00:00:00'),(2668,1836,77,'max_length','9',NULL,NULL,NULL,'0000-00-00 00:00:00'),(2669,1837,77,'required','',NULL,NULL,NULL,'0000-00-00 00:00:00'),(2670,1837,77,'max_length','100',NULL,NULL,NULL,'0000-00-00 00:00:00'),(2671,1839,78,'required','',NULL,NULL,NULL,'0000-00-00 00:00:00'),(2672,1840,78,'required','',NULL,NULL,NULL,'0000-00-00 00:00:00'),(2673,1840,78,'max_length','100',NULL,NULL,NULL,'0000-00-00 00:00:00'),(2674,1841,78,'required','',NULL,NULL,NULL,'0000-00-00 00:00:00'),(2675,1841,78,'max_length','100',NULL,NULL,NULL,'0000-00-00 00:00:00'),(2676,1842,78,'required','',NULL,NULL,NULL,'0000-00-00 00:00:00'),(2677,1843,78,'required','',NULL,NULL,NULL,'0000-00-00 00:00:00'),(2678,1843,78,'max_length','9',NULL,NULL,NULL,'0000-00-00 00:00:00'),(2679,1844,78,'required','',NULL,NULL,NULL,'0000-00-00 00:00:00'),(2680,1844,78,'max_length','100',NULL,NULL,NULL,'0000-00-00 00:00:00'),(2736,1882,85,'required','',NULL,NULL,NULL,'0000-00-00 00:00:00'),(2737,1882,85,'max_length','100',NULL,NULL,NULL,'0000-00-00 00:00:00');
/*!40000 ALTER TABLE `crud_field_validation` ENABLE KEYS */;
UNLOCK TABLES;

--
-- Table structure for table `crud_input_type`
--

DROP TABLE IF EXISTS `crud_input_type`;
/*!40101 SET @saved_cs_client     = @@character_set_client */;
/*!40101 SET character_set_client = utf8 */;
CREATE TABLE `crud_input_type` (
  `id` int(10) unsigned NOT NULL AUTO_INCREMENT,
  `type` varchar(200) NOT NULL,
  `relation` varchar(20) NOT NULL,
  `custom_value` int(11) NOT NULL,
  `validation_group` varchar(200) NOT NULL,
  `created_by` int(11) DEFAULT NULL,
  `updated_by` int(11) DEFAULT NULL,
  `updated_at` timestamp NULL DEFAULT NULL,
  `created_at` timestamp NOT NULL DEFAULT '0000-00-00 00:00:00',
  PRIMARY KEY (`id`),
  KEY `crud_input_type_created_by_index` (`created_by`),
  KEY `crud_input_type_updated_by_index` (`updated_by`)
) ENGINE=InnoDB AUTO_INCREMENT=27 DEFAULT CHARSET=utf8;
/*!40101 SET character_set_client = @saved_cs_client */;

--
-- Dumping data for table `crud_input_type`
--

LOCK TABLES `crud_input_type` WRITE;
/*!40000 ALTER TABLE `crud_input_type` DISABLE KEYS */;
INSERT INTO `crud_input_type` VALUES (1,'input','0',0,'input',NULL,NULL,NULL,'0000-00-00 00:00:00'),(2,'textarea','0',0,'text',NULL,NULL,NULL,'0000-00-00 00:00:00'),(3,'select','1',0,'select',NULL,NULL,NULL,'0000-00-00 00:00:00'),(4,'editor_wysiwyg','0',0,'editor',NULL,NULL,NULL,'0000-00-00 00:00:00'),(5,'password','0',0,'password',NULL,NULL,NULL,'0000-00-00 00:00:00'),(6,'email','0',0,'email',NULL,NULL,NULL,'0000-00-00 00:00:00'),(7,'address_map','0',0,'address_map',NULL,NULL,NULL,'0000-00-00 00:00:00'),(8,'file','0',0,'file',NULL,NULL,NULL,'0000-00-00 00:00:00'),(9,'file_multiple','0',0,'file_multiple',NULL,NULL,NULL,'0000-00-00 00:00:00'),(10,'datetime','0',0,'datetime',NULL,NULL,NULL,'0000-00-00 00:00:00'),(11,'date','0',0,'date',NULL,NULL,NULL,'0000-00-00 00:00:00'),(12,'timestamp','0',0,'timestamp',NULL,NULL,NULL,'0000-00-00 00:00:00'),(13,'number','0',0,'number',NULL,NULL,NULL,'0000-00-00 00:00:00'),(14,'yes_no','0',0,'yes_no',NULL,NULL,NULL,'0000-00-00 00:00:00'),(15,'time','0',0,'time',NULL,NULL,NULL,'0000-00-00 00:00:00'),(16,'year','0',0,'year',NULL,NULL,NULL,'0000-00-00 00:00:00'),(17,'select_multiple','1',0,'select_multiple',NULL,NULL,NULL,'0000-00-00 00:00:00'),(18,'checkboxes','1',0,'checkboxes',NULL,NULL,NULL,'0000-00-00 00:00:00'),(19,'options','1',0,'options',NULL,NULL,NULL,'0000-00-00 00:00:00'),(20,'true_false','0',0,'true_false',NULL,NULL,NULL,'0000-00-00 00:00:00'),(21,'current_user_username','0',0,'user_username',NULL,NULL,NULL,'0000-00-00 00:00:00'),(22,'current_user_id','0',0,'current_user_id',NULL,NULL,NULL,'0000-00-00 00:00:00'),(23,'custom_option','0',1,'custom_option',NULL,NULL,NULL,'0000-00-00 00:00:00'),(24,'custom_checkbox','0',1,'custom_checkbox',NULL,NULL,NULL,'0000-00-00 00:00:00'),(25,'custom_select_multiple','0',1,'custom_select_multiple',NULL,NULL,NULL,'0000-00-00 00:00:00'),(26,'custom_select','0',1,'custom_select',NULL,NULL,NULL,'0000-00-00 00:00:00');
/*!40000 ALTER TABLE `crud_input_type` ENABLE KEYS */;
UNLOCK TABLES;

--
-- Table structure for table `crud_input_validation`
--

DROP TABLE IF EXISTS `crud_input_validation`;
/*!40101 SET @saved_cs_client     = @@character_set_client */;
/*!40101 SET character_set_client = utf8 */;
CREATE TABLE `crud_input_validation` (
  `id` int(10) unsigned NOT NULL AUTO_INCREMENT,
  `validation` varchar(200) NOT NULL,
  `input_able` varchar(20) NOT NULL,
  `group_input` text NOT NULL,
  `input_placeholder` text NOT NULL,
  `call_back` varchar(10) NOT NULL,
  `input_validation` text NOT NULL,
  `created_by` int(11) DEFAULT NULL,
  `updated_by` int(11) DEFAULT NULL,
  `updated_at` timestamp NULL DEFAULT NULL,
  `created_at` timestamp NOT NULL DEFAULT '0000-00-00 00:00:00',
  PRIMARY KEY (`id`),
  KEY `crud_input_validation_created_by_index` (`created_by`),
  KEY `crud_input_validation_updated_by_index` (`updated_by`)
) ENGINE=InnoDB AUTO_INCREMENT=38 DEFAULT CHARSET=utf8;
/*!40101 SET character_set_client = @saved_cs_client */;

--
-- Dumping data for table `crud_input_validation`
--

LOCK TABLES `crud_input_validation` WRITE;
/*!40000 ALTER TABLE `crud_input_validation` DISABLE KEYS */;
INSERT INTO `crud_input_validation` VALUES (1,'required','no','input, file, number, text, datetime, select, password, email, editor, date, yes_no, time, year, select_multiple, options, checkboxes, true_false, address_map, custom_option, custom_checkbox, custom_select_multiple, custom_select, file_multiple','','','',NULL,NULL,NULL,'0000-00-00 00:00:00'),(2,'max_length','yes','input, number, text, select, password, email, editor, yes_no, time, year, select_multiple, options, checkboxes, address_map','','','numeric',NULL,NULL,NULL,'0000-00-00 00:00:00'),(3,'min_length','yes','input, number, text, select, password, email, editor, time, year, select_multiple, address_map','','','numeric',NULL,NULL,NULL,'0000-00-00 00:00:00'),(4,'valid_email','no','input, email','','','',NULL,NULL,NULL,'0000-00-00 00:00:00'),(5,'valid_emails','no','input, email','','','',NULL,NULL,NULL,'0000-00-00 00:00:00'),(6,'regex','yes','input, number, text, datetime, select, password, email, editor, date, yes_no, time, year, select_multiple, options, checkboxes','','yes','callback_valid_regex',NULL,NULL,NULL,'0000-00-00 00:00:00'),(7,'decimal','no','input, number, text, select','','','',NULL,NULL,NULL,'0000-00-00 00:00:00'),(8,'allowed_extension','yes','file, file_multiple','ex : jpg,png,..','','callback_valid_extension_list',NULL,NULL,NULL,'0000-00-00 00:00:00'),(9,'max_width','yes','file, file_multiple','','','numeric',NULL,NULL,NULL,'0000-00-00 00:00:00'),(10,'max_height','yes','file, file_multiple','','','numeric',NULL,NULL,NULL,'0000-00-00 00:00:00'),(11,'max_size','yes','file, file_multiple','... kb','','numeric',NULL,NULL,NULL,'0000-00-00 00:00:00'),(12,'max_item','yes','file_multiple','','','numeric',NULL,NULL,NULL,'0000-00-00 00:00:00'),(13,'valid_url','no','input, text','','','',NULL,NULL,NULL,'0000-00-00 00:00:00'),(14,'alpha','no','input, text, select, password, editor, yes_no','','','',NULL,NULL,NULL,'0000-00-00 00:00:00'),(15,'alpha_numeric','no','input, number, text, select, password, editor','','','',NULL,NULL,NULL,'0000-00-00 00:00:00'),(16,'alpha_numeric_spaces','no','input, number, text,select, password, editor','','','',NULL,NULL,NULL,'0000-00-00 00:00:00'),(17,'valid_number','no','input, number, text, password, editor, true_false','','yes','',NULL,NULL,NULL,'0000-00-00 00:00:00'),(18,'valid_datetime','no','input, datetime, text','','yes','',NULL,NULL,NULL,'0000-00-00 00:00:00'),(19,'valid_date','no','input, datetime, date, text','','yes','',NULL,NULL,NULL,'0000-00-00 00:00:00'),(20,'valid_max_selected_option','yes','select_multiple, custom_select_multiple, custom_checkbox, checkboxes','','yes','numeric',NULL,NULL,NULL,'0000-00-00 00:00:00'),(21,'valid_min_selected_option','yes','select_multiple, custom_select_multiple, custom_checkbox, checkboxes','','yes','numeric',NULL,NULL,NULL,'0000-00-00 00:00:00'),(22,'valid_alpha_numeric_spaces_underscores','no','input, text,select, password, editor','','yes','',NULL,NULL,NULL,'0000-00-00 00:00:00'),(23,'matches','yes','input, number, text, password, email','any field','no','callback_valid_alpha_numeric_spaces_underscores',NULL,NULL,NULL,'0000-00-00 00:00:00'),(24,'valid_json','no','input, text, editor','','yes',' ',NULL,NULL,NULL,'0000-00-00 00:00:00'),(25,'valid_url','no','input, text, editor','','no',' ',NULL,NULL,NULL,'0000-00-00 00:00:00'),(26,'exact_length','yes','input, text, number','0 - 99999*','no','numeric',NULL,NULL,NULL,'0000-00-00 00:00:00'),(27,'alpha_dash','no','input, text','','no','',NULL,NULL,NULL,'0000-00-00 00:00:00'),(28,'integer','no','input, text, number','','no','',NULL,NULL,NULL,'0000-00-00 00:00:00'),(29,'differs','yes','input, text, number, email, password, editor, options, select','any field','no','callback_valid_alpha_numeric_spaces_underscores',NULL,NULL,NULL,'0000-00-00 00:00:00'),(30,'is_natural','no','input, text, number','','no','',NULL,NULL,NULL,'0000-00-00 00:00:00'),(31,'is_natural_no_zero','no','input, text, number','','no','',NULL,NULL,NULL,'0000-00-00 00:00:00'),(32,'less_than','yes','input, text, number','','no','numeric',NULL,NULL,NULL,'0000-00-00 00:00:00'),(33,'less_than_equal_to','yes','input, text, number','','no','numeric',NULL,NULL,NULL,'0000-00-00 00:00:00'),(34,'greater_than','yes','input, text, number','','no','numeric',NULL,NULL,NULL,'0000-00-00 00:00:00'),(35,'greater_than_equal_to','yes','input, text, number','','no','numeric',NULL,NULL,NULL,'0000-00-00 00:00:00'),(36,'in_list','yes','input, text, number, select, options','','no','callback_valid_multiple_value',NULL,NULL,NULL,'0000-00-00 00:00:00'),(37,'valid_ip','no','input, text','','no','',NULL,NULL,NULL,'0000-00-00 00:00:00');
/*!40000 ALTER TABLE `crud_input_validation` ENABLE KEYS */;
UNLOCK TABLES;

--
-- Table structure for table `crud_nav_menu`
--

DROP TABLE IF EXISTS `crud_nav_menu`;
/*!40101 SET @saved_cs_client     = @@character_set_client */;
/*!40101 SET character_set_client = utf8 */;
CREATE TABLE `crud_nav_menu` (
  `id` int(11) NOT NULL AUTO_INCREMENT,
  `crud_id` int(11) NOT NULL,
  `nav_menu_name` varchar(100) NOT NULL,
  `nav_menu_link` varchar(1024) NOT NULL DEFAULT '#',
  `link_column` varchar(100) DEFAULT NULL,
  `show_list` varchar(10) DEFAULT NULL,
  `show_view` varchar(10) DEFAULT NULL,
  `show_edit` varchar(10) DEFAULT NULL,
  `show_add` varchar(10) DEFAULT NULL,
  `is_active` tinyint(1) NOT NULL DEFAULT '0',
  `sort` int(11) NOT NULL,
  `created_by` int(11) DEFAULT NULL,
  `updated_by` int(11) DEFAULT NULL,
  `updated_at` timestamp NULL DEFAULT NULL,
  `created_at` timestamp NOT NULL DEFAULT '0000-00-00 00:00:00',
  PRIMARY KEY (`id`),
  KEY `crud_nav_menu_created_by_index` (`created_by`),
  KEY `crud_nav_menu_updated_by_index` (`updated_by`)
) ENGINE=InnoDB AUTO_INCREMENT=279 DEFAULT CHARSET=latin1;
/*!40101 SET character_set_client = @saved_cs_client */;

--
-- Dumping data for table `crud_nav_menu`
--

LOCK TABLES `crud_nav_menu` WRITE;
/*!40000 ALTER TABLE `crud_nav_menu` DISABLE KEYS */;
/*!40000 ALTER TABLE `crud_nav_menu` ENABLE KEYS */;
UNLOCK TABLES;

--
-- Table structure for table `form`
--

DROP TABLE IF EXISTS `form`;
/*!40101 SET @saved_cs_client     = @@character_set_client */;
/*!40101 SET character_set_client = utf8 */;
CREATE TABLE `form` (
  `id` int(10) unsigned NOT NULL AUTO_INCREMENT,
  `title` varchar(200) NOT NULL,
  `subject` varchar(200) NOT NULL,
  `table_name` varchar(200) NOT NULL,
  `created_by` int(11) DEFAULT NULL,
  `updated_by` int(11) DEFAULT NULL,
  `updated_at` timestamp NULL DEFAULT NULL,
  `created_at` timestamp NOT NULL DEFAULT '0000-00-00 00:00:00',
  PRIMARY KEY (`id`),
  KEY `form_created_by_index` (`created_by`),
  KEY `form_updated_by_index` (`updated_by`)
) ENGINE=InnoDB DEFAULT CHARSET=utf8;
/*!40101 SET character_set_client = @saved_cs_client */;

--
-- Dumping data for table `form`
--

LOCK TABLES `form` WRITE;
/*!40000 ALTER TABLE `form` DISABLE KEYS */;
/*!40000 ALTER TABLE `form` ENABLE KEYS */;
UNLOCK TABLES;

--
-- Table structure for table `form_custom_attribute`
--

DROP TABLE IF EXISTS `form_custom_attribute`;
/*!40101 SET @saved_cs_client     = @@character_set_client */;
/*!40101 SET character_set_client = utf8 */;
CREATE TABLE `form_custom_attribute` (
  `id` int(10) unsigned NOT NULL AUTO_INCREMENT,
  `form_field_id` int(11) NOT NULL,
  `form_id` int(11) NOT NULL,
  `attribute_value` text NOT NULL,
  `attribute_label` text NOT NULL,
  `created_by` int(11) DEFAULT NULL,
  `updated_by` int(11) DEFAULT NULL,
  `updated_at` timestamp NULL DEFAULT NULL,
  `created_at` timestamp NOT NULL DEFAULT '0000-00-00 00:00:00',
  PRIMARY KEY (`id`),
  KEY `form_custom_attribute_created_by_index` (`created_by`),
  KEY `form_custom_attribute_updated_by_index` (`updated_by`)
) ENGINE=InnoDB DEFAULT CHARSET=utf8;
/*!40101 SET character_set_client = @saved_cs_client */;

--
-- Dumping data for table `form_custom_attribute`
--

LOCK TABLES `form_custom_attribute` WRITE;
/*!40000 ALTER TABLE `form_custom_attribute` DISABLE KEYS */;
/*!40000 ALTER TABLE `form_custom_attribute` ENABLE KEYS */;
UNLOCK TABLES;

--
-- Table structure for table `form_custom_option`
--

DROP TABLE IF EXISTS `form_custom_option`;
/*!40101 SET @saved_cs_client     = @@character_set_client */;
/*!40101 SET character_set_client = utf8 */;
CREATE TABLE `form_custom_option` (
  `id` int(10) unsigned NOT NULL AUTO_INCREMENT,
  `form_field_id` int(11) NOT NULL,
  `form_id` int(11) NOT NULL,
  `option_value` text NOT NULL,
  `option_label` text NOT NULL,
  `created_by` int(11) DEFAULT NULL,
  `updated_by` int(11) DEFAULT NULL,
  `updated_at` timestamp NULL DEFAULT NULL,
  `created_at` timestamp NOT NULL DEFAULT '0000-00-00 00:00:00',
  PRIMARY KEY (`id`),
  KEY `form_custom_option_created_by_index` (`created_by`),
  KEY `form_custom_option_updated_by_index` (`updated_by`)
) ENGINE=InnoDB DEFAULT CHARSET=utf8;
/*!40101 SET character_set_client = @saved_cs_client */;

--
-- Dumping data for table `form_custom_option`
--

LOCK TABLES `form_custom_option` WRITE;
/*!40000 ALTER TABLE `form_custom_option` DISABLE KEYS */;
/*!40000 ALTER TABLE `form_custom_option` ENABLE KEYS */;
UNLOCK TABLES;

--
-- Table structure for table `form_field`
--

DROP TABLE IF EXISTS `form_field`;
/*!40101 SET @saved_cs_client     = @@character_set_client */;
/*!40101 SET character_set_client = utf8 */;
CREATE TABLE `form_field` (
  `id` int(10) unsigned NOT NULL AUTO_INCREMENT,
  `form_id` int(11) NOT NULL,
  `sort` int(11) NOT NULL,
  `field_name` varchar(200) NOT NULL,
  `input_type` varchar(200) NOT NULL,
  `field_label` varchar(200) DEFAULT NULL,
  `placeholder` text,
  `auto_generate_help_block` varchar(10) DEFAULT NULL,
  `help_block` text,
  `relation_table` varchar(200) DEFAULT NULL,
  `relation_value` varchar(200) DEFAULT NULL,
  `relation_label` varchar(200) DEFAULT NULL,
  `created_by` int(11) DEFAULT NULL,
  `updated_by` int(11) DEFAULT NULL,
  `updated_at` timestamp NULL DEFAULT NULL,
  `created_at` timestamp NOT NULL DEFAULT '0000-00-00 00:00:00',
  PRIMARY KEY (`id`),
  KEY `form_field_created_by_index` (`created_by`),
  KEY `form_field_updated_by_index` (`updated_by`)
) ENGINE=InnoDB DEFAULT CHARSET=utf8;
/*!40101 SET character_set_client = @saved_cs_client */;

--
-- Dumping data for table `form_field`
--

LOCK TABLES `form_field` WRITE;
/*!40000 ALTER TABLE `form_field` DISABLE KEYS */;
/*!40000 ALTER TABLE `form_field` ENABLE KEYS */;
UNLOCK TABLES;

--
-- Table structure for table `form_field_validation`
--

DROP TABLE IF EXISTS `form_field_validation`;
/*!40101 SET @saved_cs_client     = @@character_set_client */;
/*!40101 SET character_set_client = utf8 */;
CREATE TABLE `form_field_validation` (
  `id` int(10) unsigned NOT NULL AUTO_INCREMENT,
  `form_field_id` int(11) NOT NULL,
  `form_id` int(11) NOT NULL,
  `validation_name` varchar(200) NOT NULL,
  `validation_value` text NOT NULL,
  `created_by` int(11) DEFAULT NULL,
  `updated_by` int(11) DEFAULT NULL,
  `updated_at` timestamp NULL DEFAULT NULL,
  `created_at` timestamp NOT NULL DEFAULT '0000-00-00 00:00:00',
  PRIMARY KEY (`id`),
  KEY `form_field_validation_created_by_index` (`created_by`),
  KEY `form_field_validation_updated_by_index` (`updated_by`)
) ENGINE=InnoDB DEFAULT CHARSET=utf8;
/*!40101 SET character_set_client = @saved_cs_client */;

--
-- Dumping data for table `form_field_validation`
--

LOCK TABLES `form_field_validation` WRITE;
/*!40000 ALTER TABLE `form_field_validation` DISABLE KEYS */;
/*!40000 ALTER TABLE `form_field_validation` ENABLE KEYS */;
UNLOCK TABLES;

--
-- Table structure for table `keys`
--

DROP TABLE IF EXISTS `keys`;
/*!40101 SET @saved_cs_client     = @@character_set_client */;
/*!40101 SET character_set_client = utf8 */;
CREATE TABLE `keys` (
  `id` int(10) unsigned NOT NULL AUTO_INCREMENT,
  `user_id` int(11) NOT NULL,
  `key` varchar(40) NOT NULL,
  `level` int(11) NOT NULL,
  `ignore_limits` tinyint(1) NOT NULL,
  `is_private_key` tinyint(1) NOT NULL,
  `ip_addresses` text,
  `date_created` timestamp NOT NULL DEFAULT CURRENT_TIMESTAMP ON UPDATE CURRENT_TIMESTAMP,
  `created_by` int(11) DEFAULT NULL,
  `updated_by` int(11) DEFAULT NULL,
  `updated_at` timestamp NULL DEFAULT NULL,
  `created_at` timestamp NOT NULL DEFAULT '0000-00-00 00:00:00',
  PRIMARY KEY (`id`),
  KEY `keys_created_by_index` (`created_by`),
  KEY `keys_updated_by_index` (`updated_by`)
) ENGINE=InnoDB AUTO_INCREMENT=2 DEFAULT CHARSET=utf8;
/*!40101 SET character_set_client = @saved_cs_client */;

--
-- Dumping data for table `keys`
--

LOCK TABLES `keys` WRITE;
/*!40000 ALTER TABLE `keys` DISABLE KEYS */;
INSERT INTO `keys` VALUES (1,0,'632F2EC9771B6C4C0BDF30BE21D9009B',0,0,0,NULL,'2018-08-25 06:26:32',NULL,NULL,NULL,'0000-00-00 00:00:00');
/*!40000 ALTER TABLE `keys` ENABLE KEYS */;
UNLOCK TABLES;

--
-- Table structure for table `menu`
--

DROP TABLE IF EXISTS `menu`;
/*!40101 SET @saved_cs_client     = @@character_set_client */;
/*!40101 SET character_set_client = utf8 */;
CREATE TABLE `menu` (
  `id` int(10) unsigned NOT NULL AUTO_INCREMENT,
  `label` varchar(200) DEFAULT NULL,
  `type` varchar(200) DEFAULT NULL,
  `icon_color` varchar(200) DEFAULT NULL,
  `link` varchar(200) DEFAULT NULL,
  `sort` int(11) NOT NULL,
  `parent` int(11) NOT NULL,
  `icon` varchar(50) DEFAULT NULL,
  `menu_type_id` int(11) NOT NULL,
  `active` int(11) NOT NULL,
  `created_by` int(11) DEFAULT NULL,
  `updated_by` int(11) DEFAULT NULL,
  `updated_at` timestamp NULL DEFAULT NULL,
  `created_at` timestamp NOT NULL DEFAULT CURRENT_TIMESTAMP,
  PRIMARY KEY (`id`),
  KEY `menu_created_by_index` (`created_by`),
  KEY `menu_updated_by_index` (`updated_by`)
) ENGINE=InnoDB AUTO_INCREMENT=144 DEFAULT CHARSET=utf8;
/*!40101 SET character_set_client = @saved_cs_client */;

--
-- Dumping data for table `menu`
--

LOCK TABLES `menu` WRITE;
/*!40000 ALTER TABLE `menu` DISABLE KEYS */;
INSERT INTO `menu` VALUES (1,'MAIN NAVIGATION','label','','administrator/dashboard',1,0,'',1,1,NULL,NULL,NULL,'0000-00-00 00:00:00'),(2,'Dashboard','menu','','administrator/dashboard',2,0,'fa-dashboard',1,1,NULL,NULL,NULL,'0000-00-00 00:00:00'),(7,'Menu','menu','default','administrator/menu',13,8,'fa-bars',1,1,NULL,1,'2022-02-11 16:12:21','0000-00-00 00:00:00'),(8,'Auth','menu','','',9,0,'fa-shield',1,1,NULL,NULL,NULL,'0000-00-00 00:00:00'),(9,'User','menu','','administrator/user',10,8,'',1,1,NULL,NULL,NULL,'0000-00-00 00:00:00'),(10,'Groups','menu','','administrator/group',11,8,'',1,1,NULL,NULL,NULL,'0000-00-00 00:00:00'),(11,'Access','menu','','administrator/access',12,8,'',1,1,NULL,1,'2022-02-11 16:12:21','0000-00-00 00:00:00'),(12,'Permission','menu','','administrator/permission',14,8,'',1,1,NULL,1,'2022-02-11 16:12:22','0000-00-00 00:00:00'),(15,'OTHER','label','','',15,0,'',1,1,NULL,NULL,NULL,'0000-00-00 00:00:00'),(16,'Settings','menu','text-red','administrator/setting',16,0,'fa-circle-o',1,1,NULL,1,'2022-02-11 16:12:28','0000-00-00 00:00:00'),(19,'Home','menu','','/',1,0,'',2,1,NULL,NULL,NULL,'0000-00-00 00:00:00'),(22,'Dashboard','menu','','administrator/dashboard',4,0,'',2,1,NULL,NULL,NULL,'0000-00-00 00:00:00'),(135,'Reports','menu','default','administrator/report_master',8,0,'fa-file-excel-o',1,1,1,NULL,NULL,'2019-06-21 14:07:38'),(136,'AutoGeneratos','menu','default','#',3,0,'fa-home',1,1,1,1,'2022-02-11 16:45:49','2022-02-11 16:45:04'),(137,'CRUD','menu','default','administrator/crud',4,136,'',1,1,1,NULL,NULL,'2022-02-11 16:46:21'),(138,'API','menu','default','administrator/rest',5,136,'',1,1,1,NULL,NULL,'2022-02-11 16:47:10'),(139,'Pages','menu','default','administrator/page',6,136,'',1,1,1,1,'2022-02-11 16:48:45','2022-02-11 16:48:06'),(140,'Form','menu','default','administrator/form',7,136,'',1,1,1,NULL,NULL,'2022-02-11 16:55:09'),(141,'API','menu','text-yellow','administrator/doc/api',17,0,'fa-circle-o',1,1,1,NULL,NULL,'2022-02-12 11:31:36'),(142,'API Keys','menu','default','administrator/keys',19,8,'',1,1,1,NULL,NULL,'2022-02-12 11:43:20'),(143,'Reports Generator','menu','default','administrator/report_web',20,136,'',1,1,1,NULL,NULL,'2022-02-12 12:01:25');
/*!40000 ALTER TABLE `menu` ENABLE KEYS */;
UNLOCK TABLES;

--
-- Table structure for table `menu_type`
--

DROP TABLE IF EXISTS `menu_type`;
/*!40101 SET @saved_cs_client     = @@character_set_client */;
/*!40101 SET character_set_client = utf8 */;
CREATE TABLE `menu_type` (
  `id` int(10) unsigned NOT NULL AUTO_INCREMENT,
  `name` varchar(200) NOT NULL,
  `definition` text,
  `created_by` int(11) DEFAULT NULL,
  `updated_by` int(11) DEFAULT NULL,
  `updated_at` timestamp NULL DEFAULT NULL,
  `created_at` timestamp NOT NULL DEFAULT '0000-00-00 00:00:00',
  PRIMARY KEY (`id`),
  KEY `menu_type_created_by_index` (`created_by`),
  KEY `menu_type_updated_by_index` (`updated_by`)
) ENGINE=InnoDB AUTO_INCREMENT=3 DEFAULT CHARSET=utf8;
/*!40101 SET character_set_client = @saved_cs_client */;

--
-- Dumping data for table `menu_type`
--

LOCK TABLES `menu_type` WRITE;
/*!40000 ALTER TABLE `menu_type` DISABLE KEYS */;
INSERT INTO `menu_type` VALUES (1,'side menu',NULL,NULL,NULL,NULL,'0000-00-00 00:00:00'),(2,'top menu',NULL,NULL,NULL,NULL,'0000-00-00 00:00:00');
/*!40000 ALTER TABLE `menu_type` ENABLE KEYS */;
UNLOCK TABLES;

--
-- Table structure for table `migrations`
--

DROP TABLE IF EXISTS `migrations`;
/*!40101 SET @saved_cs_client     = @@character_set_client */;
/*!40101 SET character_set_client = utf8 */;
CREATE TABLE `migrations` (
  `version` bigint(20) NOT NULL,
  `created_by` int(11) DEFAULT NULL,
  `updated_by` int(11) DEFAULT NULL,
  `updated_at` timestamp NULL DEFAULT NULL,
  `created_at` timestamp NOT NULL DEFAULT '0000-00-00 00:00:00',
  KEY `migrations_created_by_index` (`created_by`),
  KEY `migrations_updated_by_index` (`updated_by`)
) ENGINE=InnoDB DEFAULT CHARSET=utf8;
/*!40101 SET character_set_client = @saved_cs_client */;

--
-- Dumping data for table `migrations`
--

LOCK TABLES `migrations` WRITE;
/*!40000 ALTER TABLE `migrations` DISABLE KEYS */;
INSERT INTO `migrations` VALUES (1,NULL,NULL,NULL,'0000-00-00 00:00:00');
/*!40000 ALTER TABLE `migrations` ENABLE KEYS */;
UNLOCK TABLES;

--
-- Table structure for table `page`
--

DROP TABLE IF EXISTS `page`;
/*!40101 SET @saved_cs_client     = @@character_set_client */;
/*!40101 SET character_set_client = utf8 */;
CREATE TABLE `page` (
  `id` int(10) unsigned NOT NULL AUTO_INCREMENT,
  `title` varchar(200) NOT NULL,
  `type` varchar(200) NOT NULL,
  `content` text NOT NULL,
  `fresh_content` text NOT NULL,
  `keyword` text,
  `description` text,
  `link` varchar(200) DEFAULT NULL,
  `template` varchar(200) DEFAULT NULL,
  `created_at` timestamp NOT NULL DEFAULT CURRENT_TIMESTAMP ON UPDATE CURRENT_TIMESTAMP,
  `created_by` int(11) DEFAULT NULL,
  `updated_by` int(11) DEFAULT NULL,
  `updated_at` timestamp NULL DEFAULT NULL,
  PRIMARY KEY (`id`),
  KEY `page_created_by_index` (`created_by`),
  KEY `page_updated_by_index` (`updated_by`)
) ENGINE=InnoDB DEFAULT CHARSET=utf8;
/*!40101 SET character_set_client = @saved_cs_client */;

--
-- Dumping data for table `page`
--

LOCK TABLES `page` WRITE;
/*!40000 ALTER TABLE `page` DISABLE KEYS */;
/*!40000 ALTER TABLE `page` ENABLE KEYS */;
UNLOCK TABLES;

--
-- Table structure for table `page_block_element`
--

DROP TABLE IF EXISTS `page_block_element`;
/*!40101 SET @saved_cs_client     = @@character_set_client */;
/*!40101 SET character_set_client = utf8 */;
CREATE TABLE `page_block_element` (
  `id` int(10) unsigned NOT NULL AUTO_INCREMENT,
  `group_name` varchar(200) NOT NULL,
  `content` text NOT NULL,
  `image_preview` varchar(200) NOT NULL,
  `block_name` varchar(200) NOT NULL,
  `content_type` varchar(100) NOT NULL,
  `created_by` int(11) DEFAULT NULL,
  `updated_by` int(11) DEFAULT NULL,
  `updated_at` timestamp NULL DEFAULT NULL,
  `created_at` timestamp NOT NULL DEFAULT '0000-00-00 00:00:00',
  PRIMARY KEY (`id`),
  KEY `page_block_element_created_by_index` (`created_by`),
  KEY `page_block_element_updated_by_index` (`updated_by`)
) ENGINE=InnoDB DEFAULT CHARSET=utf8;
/*!40101 SET character_set_client = @saved_cs_client */;

--
-- Dumping data for table `page_block_element`
--

LOCK TABLES `page_block_element` WRITE;
/*!40000 ALTER TABLE `page_block_element` DISABLE KEYS */;
/*!40000 ALTER TABLE `page_block_element` ENABLE KEYS */;
UNLOCK TABLES;

--
-- Table structure for table `report_web`
--

DROP TABLE IF EXISTS `report_web`;
/*!40101 SET @saved_cs_client     = @@character_set_client */;
/*!40101 SET character_set_client = utf8 */;
CREATE TABLE `report_web` (
  `id` int(11) NOT NULL AUTO_INCREMENT,
  `report_name` varchar(50) NOT NULL,
  `table_name` varchar(2048) NOT NULL,
  `parent_report_id` int(11) DEFAULT NULL,
  `icon` varchar(25) NOT NULL,
  `sequence` int(11) DEFAULT NULL,
  `columns` varchar(4096) DEFAULT NULL,
  `created_by` int(11) DEFAULT NULL,
  `updated_by` int(11) DEFAULT NULL,
  `updated_at` timestamp NULL DEFAULT NULL,
  `created_at` timestamp NOT NULL DEFAULT CURRENT_TIMESTAMP,
  PRIMARY KEY (`id`),
  KEY `report_web_created_by_index` (`created_by`),
  KEY `report_web_updated_by_index` (`updated_by`)
) ENGINE=InnoDB AUTO_INCREMENT=40 DEFAULT CHARSET=latin1;
/*!40101 SET character_set_client = @saved_cs_client */;

--
-- Dumping data for table `report_web`
--

LOCK TABLES `report_web` WRITE;
/*!40000 ALTER TABLE `report_web` DISABLE KEYS */;
INSERT INTO `report_web` VALUES (3,'report_web table','no_table',NULL,'fa fa-hand-o-right',3,NULL,1,NULL,NULL,'2019-06-21 10:12:05'),(4,'Demo (use table or view)','report_web',3,'fa fa-sort-numeric-asc',5,NULL,1,1,'2019-06-21 10:19:08','2019-06-21 10:13:46');
/*!40000 ALTER TABLE `report_web` ENABLE KEYS */;
UNLOCK TABLES;

--
-- Table structure for table `rest`
--

DROP TABLE IF EXISTS `rest`;
/*!40101 SET @saved_cs_client     = @@character_set_client */;
/*!40101 SET character_set_client = utf8 */;
CREATE TABLE `rest` (
  `id` int(10) unsigned NOT NULL AUTO_INCREMENT,
  `subject` varchar(200) NOT NULL,
  `table_name` varchar(200) NOT NULL,
  `primary_key` varchar(200) NOT NULL,
  `x_api_key` varchar(20) DEFAULT NULL,
  `x_token` varchar(20) DEFAULT NULL,
  `created_by` int(11) DEFAULT NULL,
  `updated_by` int(11) DEFAULT NULL,
  `updated_at` timestamp NULL DEFAULT NULL,
  `created_at` timestamp NOT NULL DEFAULT '0000-00-00 00:00:00',
  PRIMARY KEY (`id`),
  KEY `rest_created_by_index` (`created_by`),
  KEY `rest_updated_by_index` (`updated_by`)
) ENGINE=InnoDB DEFAULT CHARSET=utf8;
/*!40101 SET character_set_client = @saved_cs_client */;

--
-- Dumping data for table `rest`
--

LOCK TABLES `rest` WRITE;
/*!40000 ALTER TABLE `rest` DISABLE KEYS */;
/*!40000 ALTER TABLE `rest` ENABLE KEYS */;
UNLOCK TABLES;

--
-- Table structure for table `rest_field`
--

DROP TABLE IF EXISTS `rest_field`;
/*!40101 SET @saved_cs_client     = @@character_set_client */;
/*!40101 SET character_set_client = utf8 */;
CREATE TABLE `rest_field` (
  `id` int(10) unsigned NOT NULL AUTO_INCREMENT,
  `rest_id` int(11) NOT NULL,
  `field_name` varchar(200) NOT NULL,
  `field_label` varchar(200) DEFAULT NULL,
  `input_type` varchar(200) NOT NULL,
  `show_column` varchar(10) DEFAULT NULL,
  `show_add_api` varchar(10) DEFAULT NULL,
  `show_update_api` varchar(10) DEFAULT NULL,
  `show_detail_api` varchar(10) DEFAULT NULL,
  `created_by` int(11) DEFAULT NULL,
  `updated_by` int(11) DEFAULT NULL,
  `updated_at` timestamp NULL DEFAULT NULL,
  `created_at` timestamp NOT NULL DEFAULT '0000-00-00 00:00:00',
  PRIMARY KEY (`id`),
  KEY `rest_field_created_by_index` (`created_by`),
  KEY `rest_field_updated_by_index` (`updated_by`)
) ENGINE=InnoDB DEFAULT CHARSET=utf8;
/*!40101 SET character_set_client = @saved_cs_client */;

--
-- Dumping data for table `rest_field`
--

LOCK TABLES `rest_field` WRITE;
/*!40000 ALTER TABLE `rest_field` DISABLE KEYS */;
/*!40000 ALTER TABLE `rest_field` ENABLE KEYS */;
UNLOCK TABLES;

--
-- Table structure for table `rest_field_validation`
--

DROP TABLE IF EXISTS `rest_field_validation`;
/*!40101 SET @saved_cs_client     = @@character_set_client */;
/*!40101 SET character_set_client = utf8 */;
CREATE TABLE `rest_field_validation` (
  `id` int(10) unsigned NOT NULL AUTO_INCREMENT,
  `rest_field_id` int(11) NOT NULL,
  `rest_id` int(11) NOT NULL,
  `validation_name` varchar(200) NOT NULL,
  `validation_value` text NOT NULL,
  `created_by` int(11) DEFAULT NULL,
  `updated_by` int(11) DEFAULT NULL,
  `updated_at` timestamp NULL DEFAULT NULL,
  `created_at` timestamp NOT NULL DEFAULT '0000-00-00 00:00:00',
  PRIMARY KEY (`id`),
  KEY `rest_field_validation_created_by_index` (`created_by`),
  KEY `rest_field_validation_updated_by_index` (`updated_by`)
) ENGINE=InnoDB DEFAULT CHARSET=utf8;
/*!40101 SET character_set_client = @saved_cs_client */;

--
-- Dumping data for table `rest_field_validation`
--

LOCK TABLES `rest_field_validation` WRITE;
/*!40000 ALTER TABLE `rest_field_validation` DISABLE KEYS */;
/*!40000 ALTER TABLE `rest_field_validation` ENABLE KEYS */;
UNLOCK TABLES;

--
-- Table structure for table `rest_input_type`
--

DROP TABLE IF EXISTS `rest_input_type`;
/*!40101 SET @saved_cs_client     = @@character_set_client */;
/*!40101 SET character_set_client = utf8 */;
CREATE TABLE `rest_input_type` (
  `id` int(10) unsigned NOT NULL AUTO_INCREMENT,
  `type` varchar(200) NOT NULL,
  `relation` varchar(20) NOT NULL,
  `validation_group` varchar(200) NOT NULL,
  `created_by` int(11) DEFAULT NULL,
  `updated_by` int(11) DEFAULT NULL,
  `updated_at` timestamp NULL DEFAULT NULL,
  `created_at` timestamp NOT NULL DEFAULT '0000-00-00 00:00:00',
  PRIMARY KEY (`id`),
  KEY `rest_input_type_created_by_index` (`created_by`),
  KEY `rest_input_type_updated_by_index` (`updated_by`)
) ENGINE=InnoDB AUTO_INCREMENT=4 DEFAULT CHARSET=utf8;
/*!40101 SET character_set_client = @saved_cs_client */;

--
-- Dumping data for table `rest_input_type`
--

LOCK TABLES `rest_input_type` WRITE;
/*!40000 ALTER TABLE `rest_input_type` DISABLE KEYS */;
INSERT INTO `rest_input_type` VALUES (1,'input','0','input',NULL,NULL,NULL,'0000-00-00 00:00:00'),(2,'timestamp','0','timestamp',NULL,NULL,NULL,'0000-00-00 00:00:00'),(3,'file','0','file',NULL,NULL,NULL,'0000-00-00 00:00:00');
/*!40000 ALTER TABLE `rest_input_type` ENABLE KEYS */;
UNLOCK TABLES;
/*!40103 SET TIME_ZONE=@OLD_TIME_ZONE */;

/*!40101 SET SQL_MODE=@OLD_SQL_MODE */;
/*!40014 SET FOREIGN_KEY_CHECKS=@OLD_FOREIGN_KEY_CHECKS */;
/*!40014 SET UNIQUE_CHECKS=@OLD_UNIQUE_CHECKS */;
/*!40101 SET CHARACTER_SET_CLIENT=@OLD_CHARACTER_SET_CLIENT */;
/*!40101 SET CHARACTER_SET_RESULTS=@OLD_CHARACTER_SET_RESULTS */;
/*!40101 SET COLLATION_CONNECTION=@OLD_COLLATION_CONNECTION */;
/*!40111 SET SQL_NOTES=@OLD_SQL_NOTES */;

-- Dump completed on 2022-02-12  6:46:46
